Workbook

Sheet RAW DATA
A1: NAME | B1: SURNAME | C1: SEX | D1: DOB | E1: AGE | F1: GRADE | G1: TEST DATE YEAR | H1: TEST DATE MONTH | I1: TEST TERM | J1: WINTER SPORT 1 | K1: WINTER SPORT 1- TEAM | L1: WINTER SPORT 1 - POSITION | M1: WINTER SPORT 2 | N1: WINTER SPORT 2 - TEAM | O1: WINTER SPORT 2 - POSITION | P1: SUMMER SPORT 1 | Q1: SUMMER SPORT 1 - TEAM | R1: SUMMER SPORT 1 - POSITION | S1: SEATED HEIGHT | T1: STANDING HEIGHT | U1: WEIGHT | V1: TBW | W1: BFM (kg) | X1: FFM (kg) | Y1: SMM (kg) | Z1: BMI | AA1: %BF | AB1: FFM (kg) (right leg) | AC1: FFM% (right leg) | AD1: FFM (kg) (left leg) | AE1: FFM% (left leg) | AF1: BFM (kg) (right leg) | AG1: BFM% (right leg) | AH1: BFM (kg) (left leg) | AI1: BFM% (left leg) | AJ1: 20kHz RL impedance | AK1: 20kHz LL impedance | AL1: 100kHz RL impedance | AM1: 100kHz LL impedance | AN1: GROWTH SCORE | AO1: WHR | AP1: SMI | AQ1: Stiff arm [Height] | AR1: Stiff arm [Flight-Time] | AS1: Counter-Movement-Jump [Height] | AT1: Counter-Movement-Jump [Flight-Time] | AU1: Single Leg Counter-Movement-Jump (L) [Height] | AV1: Single Leg Counter-Movement-Jump (L) Flight-Time | AW1: Single Leg Counter-Movement-Jump (R) Height | AX1: Single Leg Counter-Movement-Jump (R) Flight-Time | AY1: Stiff arm Peak Anaerobic Power (W/kg) (Sayers) | AZ1: Result based on NORM | BA1: CMJ Peak Anaerobic Power (W/kg) (Sayers) | BB1: Result based on NORM | BC1: CMJ LEFT Peak Anaerobic Power (W/kg) (Sayers) | BD1: Result based on NORM | BE1: CMJ RIGHT Peak Anaerobic Power (W/kg) (Sayers) | BF1: Result based on NORM | BG1: Sit (cm) | BH1: Reach (cm) | BI1: Flexibility | BJ1: Result based on NORM | BK1: K2W (L) | BL1: Result based on NORM | BM1: K2W (R) | BN1: Result based on NORM | BO1: MID THIGH LEFT [cm] | BP1: MID THIGH RIGHT [cm] | BQ1: Anterior (L) | BR1: Posterolateral (L) | BS1: Posteromedial (L) | BT1: Anterior (R) | BU1: Posterolateral (R) | BV1: Posteromedial (R) | BW1: Composite score LEFT (%) | BX1: Result based on NORM | BY1: Composite score RIGHT (%) | BZ1: Result based on NORM | CA1: 1-min sit up | CB1: Result based on NORM | CC1: 2-min Sit-ups | CD1: Result based on NORM | CE1: 1-min push up | CF1: Result based on NORM | CG1: Illinois (L) sec | CH1: Result based on NORM | CI1: Illinois (R) sec | CJ1: Result based on NORM | CK1: 10m sprint TIME [sec] | CL1: 10m sprint SPEED [m/s] | CM1: Result based on NORM | CN1: 40m sprint TIME (sec) | CO1: 40m sprint SPEED (m/s) | CP1: Result based on NORM | CQ1: BLEEP | CR1: Result based on NORM | CS1: Beep test score LEVEL | CT1: Beep test score SHUTTLE | CU1: Distance Run | CV1: Result based on NORM | CW1: VO2MAX
A2: Waggie | B2: Aaishah | C2: Female | D2: 40889 | F2: 9P | G2: 2026 | I2: 2 | J2: Netball | K2: U/15 D | S2: 81.3 | T2: 154.9 | U2: 62.5 | V2: 29.5 | W2: 22.2 | X2: 40.4 | Y2: 22 | AA2: 35.5 | AB2: 5.67 | AC2: 95.7 | AD2: 5.7 | AE2: 96.2 | AF2: 3.3 | AG2: 187 | AH2: 3.3 | AI2: 186.8 | AJ2: 289.8 | AK2: 285.6 | AL2: 255.9 | AM2: 252.3 | AN2: 70 | AQ2: 19.8 | AR2: 0.402 | AS2: 17.2 | AT2: 0.375 | AU2: 6.4 | AV2: 0.229 | AW2: 4.4 | AX2: 0.19 | AY2: =IF(OR(ISBLANK(U2), ISBLANK(AQ2)), "Incomplete", (60.7*AQ2)+(45.3*U2)-2055) -> 1978.11 | BA2: =IF(OR(ISBLANK(U2), ISBLANK(AS2)), "Incomplete", (60.7*AS2)+(45.3*U2)-2055) -> 1820.29 | BC2: =IF(OR(ISBLANK(U2), ISBLANK(AU2)), "Incomplete", (60.7*AU2)+(45.3*U2)-2055) -> 1164.73 | BE2: =IF(OR(ISBLANK(U2), ISBLANK(AW2)), "Incomplete", (60.7*AW2)+(45.3*U2)-2055) -> 1043.33 | BG2: 7.2 | BH2: 27.5 | BI2: =IF(OR(ISBLANK(BG2), ISBLANK(BH2)),"Incomplete",(SUM(BH2-BG2))) -> 20.3 | BK2: 7 | BM2: 5.5 | BO2: 52 | BP2: 53 | BQ2: 59 | BR2: 74 | BS2: 73 | BT2: 67 | BU2: 70 | BV2: 69 | BW2: =IFERROR(SUM(BQ2+BR2+BS2)/(3*(T2-S2))*100, "Incomplete") -> 93.297101 | BX2: =_xlfn.XLOOKUP(BW2,'Normative data'!$V$2:$V$6,'Normative data'!$W$2:$W$6,"Not Found",-1) -> High risk | BY2: =IFERROR(SUM(BT2+BU2+BV2)/(3*(T2-S2))*100, "Incomplete") -> 93.297101 | BZ2: =_xlfn.XLOOKUP(BY2,'Normative data'!$V$3:$V$6,'Normative data'!$W$3:$W$6,"Not Found",-1) -> High risk | CA2: 29 | CE2: 27 | CH2: =_xlfn.XLOOKUP(CG2, 'Normative data'!$S$9:$S$15,'Normative data'!$T$9:$T$15,"Not Found",-1) -> not completed | CJ2: =_xlfn.XLOOKUP(CI2, 'Normative data'!$S$9:$S$15, 'Normative data'!$T$9:$T$15, "Not Found", -1) -> not completed | CK2: 2.08 | CL2: 4.81 | CN2: 6.57 | CO2: 7.61 | CR2: {=IF(OR(ISBLANK(E2),ISBLANK(CQ2)),"Incomplete",_xlfn.XLOOKUP(CQ2,_xlfn.XLOOKUP(E2,'Normative data'!$Y$3:$Y$6,'Normative data'!$Z$3:$AG$6,,-1),'Normative data'!$Z$2:$AG$2,"Not Found",-1))} -> Incomplete | CU2: {=_xlfn.XLOOKUP(CS2&CT2,(VLOOKUP!$A$3:$A$250)&(VLOOKUP!$B$3:$B$250),VLOOKUP!$C$3:$C$250,"Incomplete",-1)} -> Incomplete | CV2: {=_xlfn.XLOOKUP(CU2, _xlfn.XLOOKUP(E2, 'Normative data'!$Y$11:$Y$14, 'Normative data'!$Z$11:$AG$14, ,-1), 'Normative data'!$Z$10:$AG$10, "Not Found", -1)} -> Excellent | CW2: {=IF(OR(ISBLANK(CS2),ISBLANK(CT2)),"Incomplete",_xlfn.XLOOKUP(CS2&CT2,VLOOKUP!$A$4:$A$250&VLOOKUP!$B$4:$B$250,VLOOKUP!$D$4:$D$250,"0"))} -> Incomplete
A3: Attenborough | B3: Abigail | C3: Female | D3: 40717 | E3: 14.9 | F3: 9E | G3: 2026 | I3: 2 | J3: Netball | K3: U/15 E | S3: 89.9 | T3: 172.6 | U3: 63.9 | V3: 33.5 | W3: 18.1 | X3: 45.8 | Y3: 25.1 | Z3: 21.4 | AA3: 28.3 | AB3: 8.11 | AC3: 109.8 | AD3: 8.09 | AE3: 109.6 | AF3: 3.3 | AG3: 120.3 | AH3: 3.3 | AI3: 120.3 | AJ3: 269.1 | AK3: 269.5 | AL3: 241.2 | AM3: 240.3 | AN3: 99 | AO3: 0.79 | AP3: 6.7 | AQ3: 22 | AR3: 0.424 | AS3: 26.5 | AT3: 0.465 | AU3: 14.7 | AV3: 0.346 | AW3: 10.7 | AX3: 0.295 | AY3: =IF(OR(ISBLANK(U3), ISBLANK(AQ3)), "Incomplete", (60.7*AQ3)+(45.3*U3)-2055) -> 2175.07 | BA3: =IF(OR(ISBLANK(U3), ISBLANK(AS3)), "Incomplete", (60.7*AS3)+(45.3*U3)-2055) -> 2448.22 | BC3: =IF(OR(ISBLANK(U3), ISBLANK(AU3)), "Incomplete", (60.7*AU3)+(45.3*U3)-2055) -> 1731.96 | BE3: =IF(OR(ISBLANK(U3), ISBLANK(AW3)), "Incomplete", (60.7*AW3)+(45.3*U3)-2055) -> 1489.16 | BG3: 9.6 | BH3: 43.1 | BI3: =IF(OR(ISBLANK(BG3), ISBLANK(BH3)),"Incomplete",(SUM(BH3-BG3))) -> 33.5 | BO3: 48.3 | BP3: 48.3 | BQ3: 89 | BR3: 100 | BS3: 94 | BT3: 80 | BU3: 105 | BV3: 90 | BW3: =IFERROR(SUM(BQ3+BR3+BS3)/(3*(T3-S3))*100, "Incomplete") -> 114.06691 | BX3: =_xlfn.XLOOKUP(BW3,'Normative data'!$V$2:$V$6,'Normative data'!$W$2:$W$6,"Not Found",-1) -> Low risk | BY3: =IFERROR(SUM(BT3+BU3+BV3)/(3*(T3-S3))*100, "Incomplete") -> 110.8424 | BZ3: =_xlfn.XLOOKUP(BY3,'Normative data'!$V$3:$V$6,'Normative data'!$W$3:$W$6,"Not Found",-1) -> Low risk | CA3: 32 | CE3: 13 | CH3: =_xlfn.XLOOKUP(CG3, 'Normative data'!$S$9:$S$15,'Normative data'!$T$9:$T$15, "Not Found", -1) -> not completed | CJ3: =_xlfn.XLOOKUP(CI3, 'Normative data'!$S$9:$S$15, 'Normative data'!$T$9:$T$15, "Not Found", -1) -> not completed | CQ3: 5.8 | CR3: {=IF(OR(ISBLANK(E3),ISBLANK(CQ3)),"Incomplete",_xlfn.XLOOKUP(CQ3,_xlfn.XLOOKUP(E3,'Normative data'!$Y$3:$Y$6,'Normative data'!$Z$3:$AG$6,,-1),'Normative data'!$Z$2:$AG$2,"Not Found",-1))} -> Fair | CS3: 5 | CT3: 8 | CU3: {=_xlfn.XLOOKUP(CS3&CT3,(VLOOKUP!$A$3:$A$250)&(VLOOKUP!$B$3:$B$250),VLOOKUP!$C$3:$C$250,"Incomplete",-1)} -> 800 | CV3: {=_xlfn.XLOOKUP(CU3, _xlfn.XLOOKUP(E3, 'Normative data'!$Y$11:$Y$14, 'Normative data'!$Z$11:$AG$14, ,-1), 'Normative data'!$Z$10:$AG$10, "Not Found", -1)} -> Fair | CW3: {=IF(OR(ISBLANK(CS3),ISBLANK(CT3)),"Incomplete",_xlfn.XLOOKUP(CS3&CT3,VLOOKUP!$A$4:$A$250&VLOOKUP!$B$4:$B$250,VLOOKUP!$D$4:$D$250,"0"))} -> 33
A4: Bottger | B4: Abigail | C4: Female | F4: 12 | G4: 2026 | I4: 2 | J4: Netball | K4: 2nd | AY4: =IF(OR(ISBLANK(U4), ISBLANK(AQ4)), "Incomplete", (60.7*AQ4)+(45.3*U4)-2055) -> Incomplete | BA4: =IF(OR(ISBLANK(U4), ISBLANK(AS4)), "Incomplete", (60.7*AS4)+(45.3*U4)-2055) -> Incomplete | BC4: =IF(OR(ISBLANK(U4), ISBLANK(AU4)), "Incomplete", (60.7*AU4)+(45.3*U4)-2055) -> Incomplete | BE4: =IF(OR(ISBLANK(U4), ISBLANK(AW4)), "Incomplete", (60.7*AW4)+(45.3*U4)-2055) -> Incomplete | BI4: =IF(OR(ISBLANK(BG4), ISBLANK(BH4)),"Incomplete",(SUM(BH4-BG4))) -> Incomplete | BW4: =IFERROR(SUM(BQ4+BR4+BS4)/(3*(T4-S4))*100, "Incomplete") -> Incomplete | BX4: =_xlfn.XLOOKUP(BW4,'Normative data'!$V$2:$V$6,'Normative data'!$W$2:$W$6,"Not Found",-1) -> Very low risk | BY4: =IFERROR(SUM(BT4+BU4+BV4)/(3*(T4-S4))*100, "Incomplete") -> Incomplete | BZ4: =_xlfn.XLOOKUP(BY4,'Normative data'!$V$3:$V$6,'Normative data'!$W$3:$W$6,"Not Found",-1) -> Very low risk | CH4: =_xlfn.XLOOKUP(CG4, 'Normative data'!$S$9:$S$15,'Normative data'!$T$9:$T$15, "Not Found", -1) -> not completed | CJ4: =_xlfn.XLOOKUP(CI4, 'Normative data'!$S$9:$S$15, 'Normative data'!$T$9:$T$15, "Not Found", -1) -> not completed | CQ4: 8.4 | CR4: {=IF(OR(ISBLANK(E4),ISBLANK(CQ4)),"Incomplete",_xlfn.XLOOKUP(CQ4,_xlfn.XLOOKUP(E4,'Normative data'!$Y$3:$Y$6,'Normative data'!$Z$3:$AG$6,,-1),'Normative data'!$Z$2:$AG$2,"Not Found",-1))} -> Incomplete | CS4: 8 | CT4: 4 | CU4: {=_xlfn.XLOOKUP(CS4&CT4,(VLOOKUP!$A$3:$A$250)&(VLOOKUP!$B$3:$B$250),VLOOKUP!$C$3:$C$250,"Incomplete",-1)} -> 1300 | CV4: {=_xlfn.XLOOKUP(CU4, _xlfn.XLOOKUP(E4, 'Normative data'!$Y$11:$Y$14, 'Normative data'!$Z$11:$AG$14, ,-1), 'Normative data'!$Z$10:$AG$10, "Not Found", -1)} -> Average | CW4: {=IF(OR(ISBLANK(CS4),ISBLANK(CT4)),"Incomplete",_xlfn.XLOOKUP(CS4&CT4,VLOOKUP!$A$4:$A$250&VLOOKUP!$B$4:$B$250,VLOOKUP!$D$4:$D$250,"0"))} -> 41
A5: de Coning | B5: Abigail | C5: Female | D5: 41166 | F5: 8A | G5: 2026 | I5: 2 | S5: 84.2 | T5: 165.9 | U5: 49.8 | V5: 30.3 | W5: 8.3 | X5: 41.5 | Y5: 22.6 | Z5: 18.1 | AA5: 16.7 | AB5: 6.59 | AC5: 114.4 | AD5: 6.63 | AE5: 115.1 | AF5: 1.5 | AG5: 60 | AH5: 1.5 | AI5: 60.1 | AJ5: 307 | AK5: 302.6 | AL5: 273.8 | AM5: 269.6 | AN5: 99 | AO5: 0.78 | AP5: 6.1 | AY5: =IF(OR(ISBLANK(U5), ISBLANK(AQ5)), "Incomplete", (60.7*AQ5)+(45.3*U5)-2055) -> Incomplete | BA5: =IF(OR(ISBLANK(U5), ISBLANK(AS5)), "Incomplete", (60.7*AS5)+(45.3*U5)-2055) -> Incomplete | BC5: =IF(OR(ISBLANK(U5), ISBLANK(AU5)), "Incomplete", (60.7*AU5)+(45.3*U5)-2055) -> Incomplete | BE5: =IF(OR(ISBLANK(U5), ISBLANK(AW5)), "Incomplete", (60.7*AW5)+(45.3*U5)-2055) -> Incomplete | BG5: 19 | BH5: 60.7 | BI5: =IF(OR(ISBLANK(BG5), ISBLANK(BH5)),"Incomplete",(SUM(BH5-BG5))) -> 41.7 | BK5: 9 | BM5: 9.5 | BO5: 45.5 | BP5: 47.5 | BQ5: 75 | BR5: 80 | BS5: 74 | BT5: 80 | BU5: 78 | BV5: 79 | BW5: =IFERROR(SUM(BQ5+BR5+BS5)/(3*(T5-S5))*100, "Incomplete") -> 93.431253 | BX5: =_xlfn.XLOOKUP(BW5,'Normative data'!$V$2:$V$6,'Normative data'!$W$2:$W$6,"Not Found",-1) -> High risk | BY5: =IFERROR(SUM(BT5+BU5+BV5)/(3*(T5-S5))*100, "Incomplete") -> 96.695226 | BZ5: =_xlfn.XLOOKUP(BY5,'Normative data'!$V$3:$V$6,'Normative data'!$W$3:$W$6,"Not Found",-1) -> Low risk | CA5: 35 | CE5: 21 | CH5: =_xlfn.XLOOKUP(CG5, 'Normative data'!$S$9:$S$15,'Normative data'!$T$9:$T$15, "Not Found", -1) -> not completed | CJ5: =_xlfn.XLOOKUP(CI5, 'Normative data'!$S$9:$S$15, 'Normative data'!$T$9:$T$15, "Not Found", -1) -> not completed | CK5: 1.99 | CL5: 5.03 | CN5: 6.33 | CO5: 7.9 | CR5: {=IF(OR(ISBLANK(E5),ISBLANK(CQ5)),"Incomplete",_xlfn.XLOOKUP(CQ5,_xlfn.XLOOKUP(E5,'Normative data'!$Y$3:$Y$6,'Normative data'!$Z$3:$AG$6,,-1),'Normative data'!$Z$2:$AG$2,"Not Found",-1))} -> Incomplete | CU5: {=_xlfn.XLOOKUP(CS5&CT5,(VLOOKUP!$A$3:$A$250)&(VLOOKUP!$B$3:$B$250),VLOOKUP!$C$3:$C$250,"Incomplete",-1)} -> Incomplete | CV5: {=_xlfn.XLOOKUP(CU5, _xlfn.XLOOKUP(E5, 'Normative data'!$Y$11:$Y$14, 'Normative data'!$Z$11:$AG$14, ,-1), 'Normative data'!$Z$10:$AG$10, "Not Found", -1)} -> Excellent | CW5: {=IF(OR(ISBLANK(CS5),ISBLANK(CT5)),"Incomplete",_xlfn.XLOOKUP(CS5&CT5,VLOOKUP!$A$4:$A$250&VLOOKUP!$B$4:$B$250,VLOOKUP!$D$4:$D$250,"0"))} -> Incomplete
A6: Jacobs | B6: Abigail | C6: Female | D6: 40270 | F6: 10E | G6: 2026 | I6: 2 | J6: Hockey | K6: 1st | L6: Defender | S6: 89.9 | T6: 171.9 | U6: 68 | V6: 41.4 | W6: 11.7 | X6: 56.3 | Y6: 31.5 | Z6: 22.8 | AA6: 17.3 | AB6: 8.43 | AC6: 111.7 | AD6: 8.38 | AE6: 111 | AF6: 1.8 | AG6: 65.6 | AH6: 1.8 | AI6: 65.4 | AJ6: 269.1 | AK6: 271.5 | AL6: 237.5 | AM6: 239 | AN6: 117 | AO6: 0.82 | AP6: 7.6 | AQ6: 26.2 | AR6: 0.462 | AS6: 26.7 | AT6: 0.467 | AU6: 13.8 | AV6: 0.336 | AW6: 12.5 | AX6: 0.319 | AY6: =IF(OR(ISBLANK(U6), ISBLANK(AQ6)), "Incomplete", (60.7*AQ6)+(45.3*U6)-2055) -> 2615.74 | BA6: =IF(OR(ISBLANK(U6), ISBLANK(AS6)), "Incomplete", (60.7*AS6)+(45.3*U6)-2055) -> 2646.09 | BC6: =IF(OR(ISBLANK(U6), ISBLANK(AU6)), "Incomplete", (60.7*AU6)+(45.3*U6)-2055) -> 1863.06 | BE6: =IF(OR(ISBLANK(U6), ISBLANK(AW6)), "Incomplete", (60.7*AW6)+(45.3*U6)-2055) -> 1784.15 | BG6: 11.4 | BH6: 50.4 | BI6: =IF(OR(ISBLANK(BG6), ISBLANK(BH6)),"Incomplete",(SUM(BH6-BG6))) -> 39 | BK6: 13.5 | BM6: 13 | BO6: 49 | BP6: 50 | BQ6: 84 | BR6: 80 | BS6: 70 | BT6: 80 | BU6: 83 | BV6: 74 | BW6: =IFERROR(SUM(BQ6+BR6+BS6)/(3*(T6-S6))*100, "Incomplete") -> 95.121951 | BX6: =_xlfn.XLOOKUP(BW6,'Normative data'!$V$2:$V$6,'Normative data'!$W$2:$W$6,"Not Found",-1) -> High risk | BY6: =IFERROR(SUM(BT6+BU6+BV6)/(3*(T6-S6))*100, "Incomplete") -> 96.341463 | BZ6: =_xlfn.XLOOKUP(BY6,'Normative data'!$V$3:$V$6,'Normative data'!$W$3:$W$6,"Not Found",-1) -> Low risk | CA6: 42 | CE6: 34 | CG6: 18.02 | CH6: =_xlfn.XLOOKUP(CG6, 'Normative data'!$S$9:$S$15,'Normative data'!$T$9:$T$15, "Not Found", -1) -> Average | CI6: 17.67 | CJ6: =_xlfn.XLOOKUP(CI6, 'Normative data'!$S$9:$S$15, 'Normative data'!$T$9:$T$15, "Not Found", -1) -> Above Average | CK6: 2.16 | CL6: 4.63 | CN6: 6.58 | CO6: 7.6 | CQ6: 7.7 | CR6: {=IF(OR(ISBLANK(E6),ISBLANK(CQ6)),"Incomplete",_xlfn.XLOOKUP(CQ6,_xlfn.XLOOKUP(E6,'Normative data'!$Y$3:$Y$6,'Normative data'!$Z$3:$AG$6,,-1),'Normative data'!$Z$2:$AG$2,"Not Found",-1))} -> Incomplete | CS6: 7 | CT6: 7 | CU6: {=_xlfn.XLOOKUP(CS6&CT6,(VLOOKUP!$A$3:$A$250)&(VLOOKUP!$B$3:$B$250),VLOOKUP!$C$3:$C$250,"Incomplete",-1)} -> 1160 | CV6: {=_xlfn.XLOOKUP(CU6, _xlfn.XLOOKUP(E6, 'Normative data'!$Y$11:$Y$14, 'Normative data'!$Z$11:$AG$14, ,-1), 'Normative data'!$Z$10:$AG$10, "Not Found", -1)} -> Average | CW6: {=IF(OR(ISBLANK(CS6),ISBLANK(CT6)),"Incomplete",_xlfn.XLOOKUP(CS6&CT6,VLOOKUP!$A$4:$A$250&VLOOKUP!$B$4:$B$250,VLOOKUP!$D$4:$D$250,"0"))} -> 39
A7: Petersen | B7: Abigail | C7: Female | D7: 40549 | E7: 14.8 | F7: 9A | G7: 2026 | I7: 2 | J7: Hockey | K7: U/16 C | S7: 84.6 | T7: 163.3 | U7: 67.4 | V7: 32 | W7: 23.5 | X7: 43.9 | Y7: 24 | Z7: 25.3 | AA7: 34.9 | AB7: 6.45 | AC7: 92.4 | AD7: 6.46 | AE7: 92.6 | AF7: 3.5 | AG7: 141.1 | AH7: 3.5 | AI7: 140.8 | AJ7: 313.1 | AK7: 310.4 | AL7: 279.4 | AM7: 277.7 | AN7: 83 | AO7: 0.92 | AP7: 6.5 | AQ7: 21.4 | AR7: 0.418 | AS7: 21.3 | AT7: 0.417 | AU7: 7.1 | AV7: 0.24 | AW7: 7.1 | AX7: 0.24 | AY7: =IF(OR(ISBLANK(U7), ISBLANK(AQ7)), "Incomplete", (60.7*AQ7)+(45.3*U7)-2055) -> 2297.2 | BA7: =IF(OR(ISBLANK(U7), ISBLANK(AS7)), "Incomplete", (60.7*AS7)+(45.3*U7)-2055) -> 2291.13 | BC7: =IF(OR(ISBLANK(U7), ISBLANK(AU7)), "Incomplete", (60.7*AU7)+(45.3*U7)-2055) -> 1429.19 | BE7: =IF(OR(ISBLANK(U7), ISBLANK(AW7)), "Incomplete", (60.7*AW7)+(45.3*U7)-2055) -> 1429.19 | BG7: 14.5 | BH7: 35 | BI7: =IF(OR(ISBLANK(BG7), ISBLANK(BH7)),"Incomplete",(SUM(BH7-BG7))) -> 20.5 | BK7: 9.5 | BM7: 8 | BO7: 53 | BP7: 52.5 | BQ7: 82 | BR7: 85 | BS7: 72 | BT7: 81 | BU7: 79 | BV7: 78 | BW7: =IFERROR(SUM(BQ7+BR7+BS7)/(3*(T7-S7))*100, "Incomplete") -> 101.22829 | BX7: =_xlfn.XLOOKUP(BW7,'Normative data'!$V$2:$V$6,'Normative data'!$W$2:$W$6,"Not Found",-1) -> Low risk | BY7: =IFERROR(SUM(BT7+BU7+BV7)/(3*(T7-S7))*100, "Incomplete") -> 100.80474 | BZ7: =_xlfn.XLOOKUP(BY7,'Normative data'!$V$3:$V$6,'Normative data'!$W$3:$W$6,"Not Found",-1) -> Low risk | CA7: 30 | CE7: 20 | CG7: 19.68 | CH7: =_xlfn.XLOOKUP(CG7, 'Normative data'!$S$9:$S$15,'Normative data'!$T$9:$T$15, "Not Found", -1) -> Average | CI7: 19.49 | CJ7: =_xlfn.XLOOKUP(CI7, 'Normative data'!$S$9:$S$15, 'Normative data'!$T$9:$T$15, "Not Found", -1) -> Average | CK7: 2.3 | CL7: 4.35 | CN7: 7.21 | CO7: 6.93 | CQ7: 3.6 | CR7: {=IF(OR(ISBLANK(E7),ISBLANK(CQ7)),"Incomplete",_xlfn.XLOOKUP(CQ7,_xlfn.XLOOKUP(E7,'Normative data'!$Y$3:$Y$6,'Normative data'!$Z$3:$AG$6,,-1),'Normative data'!$Z$2:$AG$2,"Not Found",-1))} -> Poor | CS7: 3 | CT7: 6 | CU7: {=_xlfn.XLOOKUP(CS7&CT7,(VLOOKUP!$A$3:$A$250)&(VLOOKUP!$B$3:$B$250),VLOOKUP!$C$3:$C$250,"Incomplete",-1)} -> 420 | CV7: {=_xlfn.XLOOKUP(CU7, _xlfn.XLOOKUP(E7, 'Normative data'!$Y$11:$Y$14, 'Normative data'!$Z$11:$AG$14, ,-1), 'Normative data'!$Z$10:$AG$10, "Not Found", -1)} -> Poor | CW7: {=IF(OR(ISBLANK(CS7),ISBLANK(CT7)),"Incomplete",_xlfn.XLOOKUP(CS7&CT7,VLOOKUP!$A$4:$A$250&VLOOKUP!$B$4:$B$250,VLOOKUP!$D$4:$D$250,"0"))} -> 25
A8: Turner | B8: Abigail | C8: Female | F8: 8E | G8: 2026 | I8: 2 | J8: Netball | K8: U/14 C | S8: 83.8 | T8: 163.4 | AY8: =IF(OR(ISBLANK(U8), ISBLANK(AQ8)), "Incomplete", (60.7*AQ8)+(45.3*U8)-2055) -> Incomplete | BA8: =IF(OR(ISBLANK(U8), ISBLANK(AS8)), "Incomplete", (60.7*AS8)+(45.3*U8)-2055) -> Incomplete | BC8: =IF(OR(ISBLANK(U8), ISBLANK(AU8)), "Incomplete", (60.7*AU8)+(45.3*U8)-2055) -> Incomplete | BE8: =IF(OR(ISBLANK(U8), ISBLANK(AW8)), "Incomplete", (60.7*AW8)+(45.3*U8)-2055) -> Incomplete | BH8: 13 | BI8: =IF(OR(ISBLANK(BG8), ISBLANK(BH8)),"Incomplete",(SUM(BH8-BG8))) -> Incomplete | BK8: 13 | BM8: 11.5 | BW8: =IFERROR(SUM(BQ8+BR8+BS8)/(3*(T8-S8))*100, "Incomplete") -> 0 | BX8: =_xlfn.XLOOKUP(BW8,'Normative data'!$V$3:$V$6,'Normative data'!$W$3:$W$6,"Not Found",-1) -> Not completed | BY8: =IFERROR(SUM(BT8+BU8+BV8)/(3*(T8-S8))*100, "Incomplete") -> 0 | BZ8: =_xlfn.XLOOKUP(BY8,'Normative data'!$V$3:$V$6,'Normative data'!$W$3:$W$6,"Not Found",-1) -> Not completed | CG8: 21 | CH8: =_xlfn.XLOOKUP(CG8, 'Normative data'!$S$9:$S$15,'Normative data'!$T$9:$T$15, "Not Found", -1) -> Average | CI8: 22.81 | CJ8: =_xlfn.XLOOKUP(CI8, 'Normative data'!$S$9:$S$15, 'Normative data'!$T$9:$T$15, "Not Found", -1) -> Below Average | CK8: 2.3 | CL8: 4.35 | CN8: 7.38 | CO8: 6.78 | CQ8: 5.3 | CR8: {=IF(OR(ISBLANK(E8),ISBLANK(CQ8)),"Incomplete",_xlfn.XLOOKUP(CQ8,_xlfn.XLOOKUP(E8,'Normative data'!$Y$3:$Y$6,'Normative data'!$Z$3:$AG$6,,-1),'Normative data'!$Z$2:$AG$2,"Not Found",-1))} -> Incomplete | CS8: 5 | CT8: 3 | CU8: {=_xlfn.XLOOKUP(CS8&CT8,(VLOOKUP!$A$3:$A$250)&(VLOOKUP!$B$3:$B$250),VLOOKUP!$C$3:$C$250,"Incomplete",-1)} -> 700 | CV8: {=_xlfn.XLOOKUP(CU8, _xlfn.XLOOKUP(E8, 'Normative data'!$Y$11:$Y$14, 'Normative data'!$Z$11:$AG$14, ,-1), 'Normative data'!$Z$10:$AG$10, "Not Found", -1)} -> Poor | CW8: {=IF(OR(ISBLANK(CS8),ISBLANK(CT8)),"Incomplete",_xlfn.XLOOKUP(CS8&CT8,VLOOKUP!$A$4:$A$250&VLOOKUP!$B$4:$B$250,VLOOKUP!$D$4:$D$250,"0"))} -> 31
A9: van Sittert | B9: Abigail | C9: Female | D9: 40036 | E9: 16.6 | F9: 11P | G9: 2026 | I9: 2 | J9: Netball | K9: U/17 A | S9: 89.4 | T9: 173.9 | U9: 56.5 | V9: 32.1 | W9: 12.6 | X9: 43.9 | Y9: 23.8 | Z9: 18.7 | AA9: 22.3 | AB9: 7.45 | AC9: 114.1 | AD9: 7.42 | AE9: 113.7 | AF9: 2.2 | AG9: 78.3 | AH9: 2.2 | AI9: 78.2 | AJ9: 308.2 | AK9: 310.3 | AL9: 279.6 | AM9: 281.7 | AN9: 103 | AO9: 0.81 | AP9: 6.2 | AQ9: 22.5 | AR9: 0.428 | AS9: 24.9 | AT9: 0.451 | AU9: 14.3 | AV9: 0.342 | AW9: 16.4 | AX9: 0.366 | AY9: =IF(OR(ISBLANK(U9), ISBLANK(AQ9)), "Incomplete", (60.7*AQ9)+(45.3*U9)-2055) -> 1870.2 | BA9: =IF(OR(ISBLANK(U9), ISBLANK(AS9)), "Incomplete", (60.7*AS9)+(45.3*U9)-2055) -> 2015.88 | BC9: =IF(OR(ISBLANK(U9), ISBLANK(AU9)), "Incomplete", (60.7*AU9)+(45.3*U9)-2055) -> 1372.46 | BE9: =IF(OR(ISBLANK(U9), ISBLANK(AW9)), "Incomplete", (60.7*AW9)+(45.3*U9)-2055) -> 1499.93 | BG9: 7.5 | BH9: 40.9 | BI9: =IF(OR(ISBLANK(BG9), ISBLANK(BH9)),"Incomplete",(SUM(BH9-BG9))) -> 33.4 | BK9: 9.5 | BM9: 11.5 | BO9: 39.5 | BP9: 40.8 | BQ9: 87 | BR9: 78 | BS9: 67 | BT9: 86 | BU9: 76 | BV9: 74 | BW9: =IFERROR(SUM(BQ9+BR9+BS9)/(3*(T9-S9))*100, "Incomplete") -> 91.518738 | BX9: =_xlfn.XLOOKUP(BW9,'Normative data'!$V$3:$V$6,'Normative data'!$W$3:$W$6,"Not Found",-1) -> High risk | BY9: =IFERROR(SUM(BT9+BU9+BV9)/(3*(T9-S9))*100, "Incomplete") -> 93.096647 | BZ9: =_xlfn.XLOOKUP(BY9,'Normative data'!$V$3:$V$6,'Normative data'!$W$3:$W$6,"Not Found",-1) -> High risk | CA9: 19 | CE9: 7 | CG9: 19.56 | CH9: =_xlfn.XLOOKUP(CG9, 'Normative data'!$S$9:$S$15,'Normative data'!$T$9:$T$15, "Not Found", -1) -> Average | CI9: 19.68 | CJ9: =_xlfn.XLOOKUP(CI9, 'Normative data'!$S$9:$S$15, 'Normative data'!$T$9:$T$15, "Not Found", -1) -> Average | CQ9: 4.4 | CR9: {=IF(OR(ISBLANK(E9),ISBLANK(CQ9)),"Incomplete",_xlfn.XLOOKUP(CQ9,_xlfn.XLOOKUP(E9,'Normative data'!$Y$3:$Y$6,'Normative data'!$Z$3:$AG$6,,-1),'Normative data'!$Z$2:$AG$2,"Not Found",-1))} -> Poor | CS9: 4 | CT9: 4 | CU9: {=_xlfn.XLOOKUP(CS9&CT9,(VLOOKUP!$A$3:$A$250)&(VLOOKUP!$B$3:$B$250),VLOOKUP!$C$3:$C$250,"Incomplete",-1)} -> 540 | CV9: {=_xlfn.XLOOKUP(CU9, _xlfn.XLOOKUP(E9, 'Normative data'!$Y$11:$Y$14, 'Normative data'!$Z$11:$AG$14, ,-1), 'Normative data'!$Z$10:$AG$10, "Not Found", -1)} -> Poor | CW9: {=IF(OR(ISBLANK(CS9),ISBLANK(CT9)),"Incomplete",_xlfn.XLOOKUP(CS9&CT9,VLOOKUP!$A$4:$A$250&VLOOKUP!$B$4:$B$250,VLOOKUP!$D$4:$D$250,"0"))} -> 28
A10: Eve | B10: Abrahams | C10: Female | D10: 39725 | E10: 15 | F10: 11 | G10: 2025 | H10: January | I10: 1 | AY10: =IF(OR(ISBLANK(U10), ISBLANK(AQ10)), "Incomplete", (60.7*AQ10)+(45.3*U10)-2055) -> Incomplete | BA10: =IF(OR(ISBLANK(U10), ISBLANK(AS10)), "Incomplete", (60.7*AS10)+(45.3*U10)-2055) -> Incomplete | BC10: =IF(OR(ISBLANK(U10), ISBLANK(AU10)), "Incomplete", (60.7*AU10)+(45.3*U10)-2055) -> Incomplete | BE10: =IF(OR(ISBLANK(U10), ISBLANK(AW10)), "Incomplete", (60.7*AW10)+(45.3*U10)-2055) -> Incomplete | BG10: 21.5 | BH10: 41 | BI10: =IF(OR(ISBLANK(BG10), ISBLANK(BH10)),"Incomplete",(SUM(BH10-BG10))) -> 19.5 | BW10: =IFERROR(SUM(BQ10+BR10+BS10)/(3*(T10-S10))*100, "Incomplete") -> Incomplete | BX10: =_xlfn.XLOOKUP(BW10,'Normative data'!$V$3:$V$6,'Normative data'!$W$3:$W$6,"Not Found",-1) -> Very low risk | BY10: =IFERROR(SUM(BT10+BU10+BV10)/(3*(T10-S10))*100, "Incomplete") -> Incomplete | BZ10: =_xlfn.XLOOKUP(BY10,'Normative data'!$V$3:$V$6,'Normative data'!$W$3:$W$6,"Not Found",-1) -> Very low risk | CE10: 30 | CH10: =_xlfn.XLOOKUP(CG10, 'Normative data'!$S$9:$S$15,'Normative data'!$T$9:$T$15, "Not Found", -1) -> not completed | CJ10: =_xlfn.XLOOKUP(CI10, 'Normative data'!$S$9:$S$15, 'Normative data'!$T$9:$T$15, "Not Found", -1) -> not completed | CK10: 1.94 | CL10: 5.15 | CN10: 5.74 | CO10: 8.71 | CQ10: 10.1 | CR10: {=IF(OR(ISBLANK(E10),ISBLANK(CQ10)),"Incomplete",_xlfn.XLOOKUP(CQ10,_xlfn.XLOOKUP(E10,'Normative data'!$Y$3:$Y$6,'Normative data'!$Z$3:$AG$6,,-1),'Normative data'!$Z$2:$AG$2,"Not Found",-1))} -> Very good | CS10: 10 | CT10: 1 | CU10: {=_xlfn.XLOOKUP(CS10&CT10,(VLOOKUP!$A$3:$A$250)&(VLOOKUP!$B$3:$B$250),VLOOKUP!$C$3:$C$250,"Incomplete",-1)} -> 1680 | CV10: {=_xlfn.XLOOKUP(CU10, _xlfn.XLOOKUP(E10, 'Normative data'!$Y$11:$Y$14, 'Normative data'!$Z$11:$AG$14, ,-1), 'Normative data'!$Z$10:$AG$10, "Not Found", -1)} -> Good | CW10: {=IF(OR(ISBLANK(CS10),ISBLANK(CT10)),"Incomplete",_xlfn.XLOOKUP(CS10&CT10,VLOOKUP!$A$4:$A$250&VLOOKUP!$B$4:$B$250,VLOOKUP!$D$4:$D$250,"0"))} -> 47
A11: Zaynab | B11: Abrahams | C11: Female | F11: 10 | G11: 2025 | H11: January | I11: 1 | AY11: =IF(OR(ISBLANK(U11), ISBLANK(AQ11)), "Incomplete", (60.7*AQ11)+(45.3*U11)-2055) -> Incomplete | BA11: =IF(OR(ISBLANK(U11), ISBLANK(AS11)), "Incomplete", (60.7*AS11)+(45.3*U11)-2055) -> Incomplete | BC11: =IF(OR(ISBLANK(U11), ISBLANK(AU11)), "Incomplete", (60.7*AU11)+(45.3*U11)-2055) -> Incomplete | BE11: =IF(OR(ISBLANK(U11), ISBLANK(AW11)), "Incomplete", (60.7*AW11)+(45.3*U11)-2055) -> Incomplete | BG11: 17 | BH11: 36.5 | BI11: =IF(OR(ISBLANK(BG11), ISBLANK(BH11)),"Incomplete",(SUM(BH11-BG11))) -> 19.5 | BK11: 3 | BM11: 3 | BW11: =IFERROR(SUM(BQ11+BR11+BS11)/(3*(T11-S11))*100, "Incomplete") -> Incomplete | BX11: =_xlfn.XLOOKUP(BW11,'Normative data'!$V$3:$V$6,'Normative data'!$W$3:$W$6,"Not Found",-1) -> Very low risk | BY11: =IFERROR(SUM(BT11+BU11+BV11)/(3*(T11-S11))*100, "Incomplete") -> Incomplete | BZ11: =_xlfn.XLOOKUP(BY11,'Normative data'!$V$3:$V$6,'Normative data'!$W$3:$W$6,"Not Found",-1) -> Very low risk | CE11: 2 | CH11: =_xlfn.XLOOKUP(CG11, 'Normative data'!$S$9:$S$15,'Normative data'!$T$9:$T$15, "Not Found", -1) -> not completed | CJ11: =_xlfn.XLOOKUP(CI11, 'Normative data'!$S$9:$S$15, 'Normative data'!$T$9:$T$15, "Not Found", -1) -> not completed | CK11: 2.35 | CL11: 4.26 | CN11: 7.54 | CO11: 6.63 | CR11: {=IF(OR(ISBLANK(E11),ISBLANK(CQ11)),"Incomplete",_xlfn.XLOOKUP(CQ11,_xlfn.XLOOKUP(E11,'Normative data'!$Y$3:$Y$6,'Normative data'!$Z$3:$AG$6,,-1),'Normative data'!$Z$2:$AG$2,"Not Found",-1))} -> Incomplete | CU11: {=_xlfn.XLOOKUP(CS11&CT11,(VLOOKUP!$A$3:$A$250)&(VLOOKUP!$B$3:$B$250),VLOOKUP!$C$3:$C$250,"Incomplete",-1)} -> Incomplete | CV11: {=_xlfn.XLOOKUP(CU11, _xlfn.XLOOKUP(E11, 'Normative data'!$Y$11:$Y$14, 'Normative data'!$Z$11:$AG$14, ,-1), 'Normative data'!$Z$10:$AG$10, "Not Found", -1)} -> Excellent | CW11: {=IF(OR(ISBLANK(CS11),ISBLANK(CT11)),"Incomplete",_xlfn.XLOOKUP(CS11&CT11,VLOOKUP!$A$4:$A$250&VLOOKUP!$B$4:$B$250,VLOOKUP!$D$4:$D$250,"0"))} -> Incomplete
A12: Amy | B12: Adams | C12: Female | D12: 40424 | F12: 9 | G12: 2025 | H12: January | I12: 1 | J12: Hockey | T12: 157 | U12: 59.8 | W12: 20.6 | X12: =SUM(T12-W12) -> 136.4 | Y12: 21.4 | Z12: 24.3 | AA12: 34.4 | AY12: =IF(OR(ISBLANK(U12), ISBLANK(AQ12)), "Incomplete", (60.7*AQ12)+(45.3*U12)-2055) -> Incomplete | BA12: =IF(OR(ISBLANK(U12), ISBLANK(AS12)), "Incomplete", (60.7*AS12)+(45.3*U12)-2055) -> Incomplete | BC12: =IF(OR(ISBLANK(U12), ISBLANK(AU12)), "Incomplete", (60.7*AU12)+(45.3*U12)-2055) -> Incomplete | BE12: =IF(OR(ISBLANK(U12), ISBLANK(AW12)), "Incomplete", (60.7*AW12)+(45.3*U12)-2055) -> Incomplete | BI12: =IF(OR(ISBLANK(BG12), ISBLANK(BH12)),"Incomplete",(SUM(BH12-BG12))) -> Incomplete | BK12: 8 | BM12: 7 | BW12: =IFERROR(SUM(BQ12+BR12+BS12)/(3*(T12-S12))*100, "Incomplete") -> 0 | BX12: =_xlfn.XLOOKUP(BW12,'Normative data'!$V$3:$V$6,'Normative data'!$W$3:$W$6,"Not Found",-1) -> Not completed | BY12: =IFERROR(SUM(BT12+BU12+BV12)/(3*(T12-S12))*100, "Incomplete") -> 0 | BZ12: =_xlfn.XLOOKUP(BY12,'Normative data'!$V$3:$V$6,'Normative data'!$W$3:$W$6,"Not Found",-1) -> Not completed | CG12: 17.23 | CH12: =_xlfn.XLOOKUP(CG12, 'Normative data'!$S$9:$S$15,'Normative data'!$T$9:$T$15, "Not Found", -1) -> Above Average | CI12: 17.34 | CJ12: =_xlfn.XLOOKUP(CI12, 'Normative data'!$S$9:$S$15, 'Normative data'!$T$9:$T$15, "Not Found", -1) -> Above Average | CK12: 2.19 | CL12: 4.57 | CN12: 6.47 | CO12: 7.73 | CR12: {=IF(OR(ISBLANK(E12),ISBLANK(CQ12)),"Incomplete",_xlfn.XLOOKUP(CQ12,_xlfn.XLOOKUP(E12,'Normative data'!$Y$3:$Y$6,'Normative data'!$Z$3:$AG$6,,-1),'Normative data'!$Z$2:$AG$2,"Not Found",-1))} -> Incomplete | CU12: {=_xlfn.XLOOKUP(CS12&CT12,(VLOOKUP!$A$3:$A$250)&(VLOOKUP!$B$3:$B$250),VLOOKUP!$C$3:$C$250,"Incomplete",-1)} -> Incomplete | CV12: {=_xlfn.XLOOKUP(CU12, _xlfn.XLOOKUP(E12, 'Normative data'!$Y$11:$Y$14, 'Normative data'!$Z$11:$AG$14, ,-1), 'Normative data'!$Z$10:$AG$10, "Not Found", -1)} -> Excellent | CW12: {=IF(OR(ISBLANK(CS12),ISBLANK(CT12)),"Incomplete",_xlfn.XLOOKUP(CS12&CT12,VLOOKUP!$A$4:$A$250&VLOOKUP!$B$4:$B$250,VLOOKUP!$D$4:$D$250,"0"))} -> Incomplete
A13: Amy | B13: Adams | C13: Female | D13: 40424 | F13: 9 | G13: 2025 | H13: January | I13: 1 | J13: Hockey | AY13: =IF(OR(ISBLANK(U13), ISBLANK(AQ13)), "Incomplete", (60.7*AQ13)+(45.3*U13)-2055) -> Incomplete | BA13: =IF(OR(ISBLANK(U13), ISBLANK(AS13)), "Incomplete", (60.7*AS13)+(45.3*U13)-2055) -> Incomplete | BC13: =IF(OR(ISBLANK(U13), ISBLANK(AU13)), "Incomplete", (60.7*AU13)+(45.3*U13)-2055) -> Incomplete | BE13: =IF(OR(ISBLANK(U13), ISBLANK(AW13)), "Incomplete", (60.7*AW13)+(45.3*U13)-2055) -> Incomplete | BG13: 14.5 | BH13: 27 | BI13: =IF(OR(ISBLANK(BG13), ISBLANK(BH13)),"Incomplete",(SUM(BH13-BG13))) -> 12.5 | BK13: 7 | BM13: 7 | BW13: =IFERROR(SUM(BQ13+BR13+BS13)/(3*(T13-S13))*100, "Incomplete") -> Incomplete | BX13: =_xlfn.XLOOKUP(BW13,'Normative data'!$V$3:$V$6,'Normative data'!$W$3:$W$6,"Not Found",-1) -> Very low risk | BY13: =IFERROR(SUM(BT13+BU13+BV13)/(3*(T13-S13))*100, "Incomplete") -> Incomplete | BZ13: =_xlfn.XLOOKUP(BY13,'Normative data'!$V$3:$V$6,'Normative data'!$W$3:$W$6,"Not Found",-1) -> Very low risk | CE13: 10 | CG13: 17.45 | CH13: =_xlfn.XLOOKUP(CG13, 'Normative data'!$S$9:$S$15,'Normative data'!$T$9:$T$15, "Not Found", -1) -> Above Average | CI13: 16.93 | CJ13: =_xlfn.XLOOKUP(CI13, 'Normative data'!$S$9:$S$15, 'Normative data'!$T$9:$T$15, "Not Found", -1) -> Above Average | CR13: {=IF(OR(ISBLANK(E13),ISBLANK(CQ13)),"Incomplete",_xlfn.XLOOKUP(CQ13,_xlfn.XLOOKUP(E13,'Normative data'!$Y$3:$Y$6,'Normative data'!$Z$3:$AG$6,,-1),'Normative data'!$Z$2:$AG$2,"Not Found",-1))} -> Incomplete | CU13: {=_xlfn.XLOOKUP(CS13&CT13,(VLOOKUP!$A$3:$A$250)&(VLOOKUP!$B$3:$B$250),VLOOKUP!$C$3:$C$250,"Incomplete",-1)} -> Incomplete | CV13: {=_xlfn.XLOOKUP(CU13, _xlfn.XLOOKUP(E13, 'Normative data'!$Y$11:$Y$14, 'Normative data'!$Z$11:$AG$14, ,-1), 'Normative data'!$Z$10:$AG$10, "Not Found", -1)} -> Excellent | CW13: {=IF(OR(ISBLANK(CS13),ISBLANK(CT13)),"Incomplete",_xlfn.XLOOKUP(CS13&CT13,VLOOKUP!$A$4:$A$250&VLOOKUP!$B$4:$B$250,VLOOKUP!$D$4:$D$250,"0"))} -> Incomplete
A14: Amy | B14: Adams | C14: Female | D14: 40424 | F14: 9 | G14: 2025 | H14: August | I14: 3 | J14: Hockey | T14: 158.8 | U14: 61.9 | AQ14: 13.1 | AR14: 0.327 | AS14: 18.2 | AT14: 0.385 | AU14: 13.3 | AV14: 0.329 | AW14: 8.8 | AX14: 0.268 | AY14: =IF(OR(ISBLANK(U14), ISBLANK(#REF!)), "Incomplete", (60.7*#REF!)+(45.3*U14)-2055) -> #REF! | BA14: =IF(OR(ISBLANK(U14), ISBLANK(#REF!)), "Incomplete", (60.7*#REF!)+(45.3*U14)-2055) -> #REF! | BC14: =IF(OR(ISBLANK(U14), ISBLANK(#REF!)), "Incomplete", (60.7*#REF!)+(45.3*U14)-2055) -> #REF! | BE14: =IF(OR(ISBLANK(U14), ISBLANK(#REF!)), "Incomplete", (60.7*#REF!)+(45.3*U14)-2055) -> #REF! | BI14: =IF(OR(ISBLANK(BG14), ISBLANK(BH14)),"Incomplete",(SUM(BH14-BG14))) -> Incomplete | BW14: =IFERROR(SUM(BQ14+BR14+BS14)/(3*(T14-S14))*100, "Incomplete") -> Incomplete | BX14: =_xlfn.XLOOKUP(BW14,'Normative data'!$V$3:$V$6,'Normative data'!$W$3:$W$6,"Not Found",-1) -> Very low risk | BY14: =IFERROR(SUM(BT14+BU14+BV14)/(3*(T14-S14))*100, "Incomplete") -> Incomplete | BZ14: =_xlfn.XLOOKUP(BY14,'Normative data'!$V$3:$V$6,'Normative data'!$W$3:$W$6,"Not Found",-1) -> Very low risk | CG14: 17.92 | CH14: =_xlfn.XLOOKUP(CG14, 'Normative data'!$S$9:$S$15,'Normative data'!$T$9:$T$15, "Not Found", -1) -> Above Average | CI14: 18.16 | CJ14: =_xlfn.XLOOKUP(CI14, 'Normative data'!$S$9:$S$15, 'Normative data'!$T$9:$T$15, "Not Found", -1) -> Average | CK14: 2.21 | CL14: 4.52 | CN14: 6.53 | CO14: 7.66 | CR14: {=IF(OR(ISBLANK(E14),ISBLANK(CQ14)),"Incomplete",_xlfn.XLOOKUP(CQ14,_xlfn.XLOOKUP(E14,'Normative data'!$Y$3:$Y$6,'Normative data'!$Z$3:$AG$6,,-1),'Normative data'!$Z$2:$AG$2,"Not Found",-1))} -> Incomplete | CU14: {=_xlfn.XLOOKUP(CS14&CT14,(VLOOKUP!$A$3:$A$250)&(VLOOKUP!$B$3:$B$250),VLOOKUP!$C$3:$C$250,"Incomplete",-1)} -> Incomplete | CV14: {=_xlfn.XLOOKUP(CU14, _xlfn.XLOOKUP(E14, 'Normative data'!$Y$11:$Y$14, 'Normative data'!$Z$11:$AG$14, ,-1), 'Normative data'!$Z$10:$AG$10, "Not Found", -1)} -> Excellent | CW14: {=IF(OR(ISBLANK(CS14),ISBLANK(CT14)),"Incomplete",_xlfn.XLOOKUP(CS14&CT14,VLOOKUP!$A$4:$A$250&VLOOKUP!$B$4:$B$250,VLOOKUP!$D$4:$D$250,"0"))} -> Incomplete
A15: Amy | B15: Adams | C15: Female | D15: 40424 | G15: 2026 | H15: January | I15: 1 | AQ15: 8.7 | AR15: 0.266 | AS15: 14.9 | AT15: 0.349 | AU15: 10.8 | AV15: 0.297 | AW15: 11.9 | AX15: 0.312 | AY15: =IF(OR(ISBLANK(U15), ISBLANK(AQ15)), "Incomplete", (60.7*AQ15)+(45.3*U15)-2055) -> Incomplete | BA15: =IF(OR(ISBLANK(U15), ISBLANK(AS15)), "Incomplete", (60.7*AS15)+(45.3*U15)-2055) -> Incomplete | BC15: =IF(OR(ISBLANK(U15), ISBLANK(AU15)), "Incomplete", (60.7*AU15)+(45.3*U15)-2055) -> Incomplete | BE15: =IF(OR(ISBLANK(U15), ISBLANK(AW15)), "Incomplete", (60.7*AW15)+(45.3*U15)-2055) -> Incomplete | BG15: 18.5 | BH15: 38 | BI15: =IF(OR(ISBLANK(BG15), ISBLANK(BH15)),"Incomplete",(SUM(BH15-BG15))) -> 19.5 | BW15: =IFERROR(SUM(BQ15+BR15+BS15)/(3*(T15-S15))*100, "Incomplete") -> Incomplete | BX15: =_xlfn.XLOOKUP(BW15,'Normative data'!$V$3:$V$6,'Normative data'!$W$3:$W$6,"Not Found",-1) -> Very low risk | BY15: =IFERROR(SUM(BT15+BU15+BV15)/(3*(T15-S15))*100, "Incomplete") -> Incomplete | BZ15: =_xlfn.XLOOKUP(BY15,'Normative data'!$V$3:$V$6,'Normative data'!$W$3:$W$6,"Not Found",-1) -> Very low risk | CG15: 18.74 | CH15: =_xlfn.XLOOKUP(CG15, 'Normative data'!$S$9:$S$15,'Normative data'!$T$9:$T$15, "Not Found", -1) -> Average | CI15: 19 | CJ15: =_xlfn.XLOOKUP(CI15, 'Normative data'!$S$9:$S$15, 'Normative data'!$T$9:$T$15, "Not Found", -1) -> Average | CK15: 2.08 | CL15: 4.81 | CN15: 6.64 | CO15: 7.53 | CQ15: 9.1 | CR15: {=IF(OR(ISBLANK(E15),ISBLANK(CQ15)),"Incomplete",_xlfn.XLOOKUP(CQ15,_xlfn.XLOOKUP(E15,'Normative data'!$Y$3:$Y$6,'Normative data'!$Z$3:$AG$6,,-1),'Normative data'!$Z$2:$AG$2,"Not Found",-1))} -> Incomplete | CS15: 9 | CT15: 1 | CU15: {=_xlfn.XLOOKUP(CS15&CT15,(VLOOKUP!$A$3:$A$250)&(VLOOKUP!$B$3:$B$250),VLOOKUP!$C$3:$C$250,"Incomplete",-1)} -> 1460 | CV15: {=_xlfn.XLOOKUP(CU15, _xlfn.XLOOKUP(E15, 'Normative data'!$Y$11:$Y$14, 'Normative data'!$Z$11:$AG$14, ,-1), 'Normative data'!$Z$10:$AG$10, "Not Found", -1)} -> Average | CW15: {=IF(OR(ISBLANK(CS15),ISBLANK(CT15)),"Incomplete",_xlfn.XLOOKUP(CS15&CT15,VLOOKUP!$A$4:$A$250&VLOOKUP!$B$4:$B$250,VLOOKUP!$D$4:$D$250,"0"))} -> 44
A16: Liqhamile | B16: Adonis | C16: Female | D16: 39844 | F16: 10 | G16: 2025 | H16: August | I16: 3 | AY16: =IF(OR(ISBLANK(U16), ISBLANK(AQ16)), "Incomplete", (60.7*AQ16)+(45.3*U16)-2055) -> Incomplete | BA16: =IF(OR(ISBLANK(U16), ISBLANK(AS16)), "Incomplete", (60.7*AS16)+(45.3*U16)-2055) -> Incomplete | BC16: =IF(OR(ISBLANK(U16), ISBLANK(AU16)), "Incomplete", (60.7*AU16)+(45.3*U16)-2055) -> Incomplete | BE16: =IF(OR(ISBLANK(U16), ISBLANK(AW16)), "Incomplete", (60.7*AW16)+(45.3*U16)-2055) -> Incomplete | BI16: =IF(OR(ISBLANK(BG16), ISBLANK(BH16)),"Incomplete",(SUM(BH16-BG16))) -> Incomplete | BW16: =IFERROR(SUM(BQ16+BR16+BS16)/(3*(T16-S16))*100, "Incomplete") -> Incomplete | BX16: =_xlfn.XLOOKUP(BW16,'Normative data'!$V$3:$V$6,'Normative data'!$W$3:$W$6,"Not Found",-1) -> Very low risk | BY16: =IFERROR(SUM(BT16+BU16+BV16)/(3*(T16-S16))*100, "Incomplete") -> Incomplete | BZ16: =_xlfn.XLOOKUP(BY16,'Normative data'!$V$3:$V$6,'Normative data'!$W$3:$W$6,"Not Found",-1) -> Very low risk | CH16: =_xlfn.XLOOKUP(CG16, 'Normative data'!$S$9:$S$15,'Normative data'!$T$9:$T$15, "Not Found", -1) -> not completed | CJ16: =_xlfn.XLOOKUP(CI16, 'Normative data'!$S$9:$S$15, 'Normative data'!$T$9:$T$15, "Not Found", -1) -> not completed | CK16: 2.19 | CL16: 4.57 | CN16: 6.99 | CO16: 7.15 | CR16: {=IF(OR(ISBLANK(E16),ISBLANK(CQ16)),"Incomplete",_xlfn.XLOOKUP(CQ16,_xlfn.XLOOKUP(E16,'Normative data'!$Y$3:$Y$6,'Normative data'!$Z$3:$AG$6,,-1),'Normative data'!$Z$2:$AG$2,"Not Found",-1))} -> Incomplete | CU16: {=_xlfn.XLOOKUP(CS16&CT16,(VLOOKUP!$A$3:$A$250)&(VLOOKUP!$B$3:$B$250),VLOOKUP!$C$3:$C$250,"Incomplete",-1)} -> Incomplete | CV16: {=_xlfn.XLOOKUP(CU16, _xlfn.XLOOKUP(E16, 'Normative data'!$Y$11:$Y$14, 'Normative data'!$Z$11:$AG$14, ,-1), 'Normative data'!$Z$10:$AG$10, "Not Found", -1)} -> Excellent | CW16: {=IF(OR(ISBLANK(CS16),ISBLANK(CT16)),"Incomplete",_xlfn.XLOOKUP(CS16&CT16,VLOOKUP!$A$4:$A$250&VLOOKUP!$B$4:$B$250,VLOOKUP!$D$4:$D$250,"0"))} -> Incomplete
A17: Liqhamile | B17: Adonis | C17: Female | D17: 39844 | G17: 2026 | H17: January | I17: 1 | AQ17: 18.5 | AR17: 0.388 | AS17: 18.4 | AT17: 0.387 | AU17: 10 | AV17: 0.286 | AW17: 10.1 | AX17: 0.287 | AY17: =IF(OR(ISBLANK(U17), ISBLANK(AQ17)), "Incomplete", (60.7*AQ17)+(45.3*U17)-2055) -> Incomplete | BA17: =IF(OR(ISBLANK(U17), ISBLANK(AS17)), "Incomplete", (60.7*AS17)+(45.3*U17)-2055) -> Incomplete | BC17: =IF(OR(ISBLANK(U17), ISBLANK(AU17)), "Incomplete", (60.7*AU17)+(45.3*U17)-2055) -> Incomplete | BE17: =IF(OR(ISBLANK(U17), ISBLANK(AW17)), "Incomplete", (60.7*AW17)+(45.3*U17)-2055) -> Incomplete | BG17: 15 | BH17: 64 | BI17: =IF(OR(ISBLANK(BG17), ISBLANK(BH17)),"Incomplete",(SUM(BH17-BG17))) -> 49 | BW17: =IFERROR(SUM(BQ17+BR17+BS17)/(3*(T17-S17))*100, "Incomplete") -> Incomplete | BX17: =_xlfn.XLOOKUP(BW17,'Normative data'!$V$3:$V$6,'Normative data'!$W$3:$W$6,"Not Found",-1) -> Very low risk | BY17: =IFERROR(SUM(BT17+BU17+BV17)/(3*(T17-S17))*100, "Incomplete") -> Incomplete | BZ17: =_xlfn.XLOOKUP(BY17,'Normative data'!$V$3:$V$6,'Normative data'!$W$3:$W$6,"Not Found",-1) -> Very low risk | CC17: 37 | CE17: 2 | CH17: =_xlfn.XLOOKUP(CG17, 'Normative data'!$S$9:$S$15,'Normative data'!$T$9:$T$15, "Not Found", -1) -> not completed | CJ17: =_xlfn.XLOOKUP(CI17, 'Normative data'!$S$9:$S$15, 'Normative data'!$T$9:$T$15, "Not Found", -1) -> not completed | CK17: 2.12 | CL17: 4.72 | CN17: 7.34 | CO17: 6.81 | CQ17: 3.6 | CR17: {=IF(OR(ISBLANK(E17),ISBLANK(CQ17)),"Incomplete",_xlfn.XLOOKUP(CQ17,_xlfn.XLOOKUP(E17,'Normative data'!$Y$3:$Y$6,'Normative data'!$Z$3:$AG$6,,-1),'Normative data'!$Z$2:$AG$2,"Not Found",-1))} -> Incomplete | CS17: 3 | CT17: 6 | CU17: {=_xlfn.XLOOKUP(CS17&CT17,(VLOOKUP!$A$3:$A$250)&(VLOOKUP!$B$3:$B$250),VLOOKUP!$C$3:$C$250,"Incomplete",-1)} -> 420 | CV17: {=_xlfn.XLOOKUP(CU17, _xlfn.XLOOKUP(E17, 'Normative data'!$Y$11:$Y$14, 'Normative data'!$Z$11:$AG$14, ,-1), 'Normative data'!$Z$10:$AG$10, "Not Found", -1)} -> Very poor | CW17: {=IF(OR(ISBLANK(CS17),ISBLANK(CT17)),"Incomplete",_xlfn.XLOOKUP(CS17&CT17,VLOOKUP!$A$4:$A$250&VLOOKUP!$B$4:$B$250,VLOOKUP!$D$4:$D$250,"0"))} -> 25
A18: Liqhumile | B18: Adonis | C18: Female | D18: 39844 | F18: 10 | G18: 2025 | H18: August | I18: 3 | J18: Netball | T18: 166.4 | U18: 75.9 | W18: 27 | X18: =SUM(T18-W18) -> 139.4 | Y18: 27.3 | Z18: 27.4 | AA18: 35.9 | AQ18: 25.6 | AR18: 0.414 | AS18: 30.9 | AT18: 0.351 | AU18: 13.3 | AV18: 0.329 | AW18: 11.7 | AX18: 0.309 | AY18: =IF(OR(ISBLANK(U18), ISBLANK(AQ18)), "Incomplete", (60.7*AQ18)+(45.3*U18)-2055) -> 2937.19 | BA18: =IF(OR(ISBLANK(U18), ISBLANK(AS18)), "Incomplete", (60.7*AS18)+(45.3*U18)-2055) -> 3258.9 | BC18: =IF(OR(ISBLANK(U18), ISBLANK(AU18)), "Incomplete", (60.7*AU18)+(45.3*U18)-2055) -> 2190.58 | BE18: =IF(OR(ISBLANK(U18), ISBLANK(AW18)), "Incomplete", (60.7*AW18)+(45.3*U18)-2055) -> 2093.46 | BG18: 17 | BH18: 50 | BI18: =IF(OR(ISBLANK(#REF!), ISBLANK(#REF!)),"Incomplete",(SUM(#REF!-#REF!))) -> #REF! | BK18: 5 | BM18: 5 | BW18: =IFERROR(SUM(BQ18+BR18+BS18)/(3*(T18-S18))*100, "Incomplete") -> 0 | BX18: =_xlfn.XLOOKUP(BW18,'Normative data'!$V$3:$V$6,'Normative data'!$W$3:$W$6,"Not Found",-1) -> Not completed | BY18: =IFERROR(SUM(BT18+BU18+BV18)/(3*(T18-S18))*100, "Incomplete") -> 0 | BZ18: =_xlfn.XLOOKUP(BY18,'Normative data'!$V$3:$V$6,'Normative data'!$W$3:$W$6,"Not Found",-1) -> Not completed | CE18: 1 | CH18: =_xlfn.XLOOKUP(CG18, 'Normative data'!$S$9:$S$15,'Normative data'!$T$9:$T$15, "Not Found", -1) -> not completed | CJ18: =_xlfn.XLOOKUP(CI18, 'Normative data'!$S$9:$S$15, 'Normative data'!$T$9:$T$15, "Not Found", -1) -> not completed | CK18: 2.29 | CL18: 4.37 | CN18: 7.46 | CO18: 7.7 | CR18: {=IF(OR(ISBLANK(E18),ISBLANK(CQ18)),"Incomplete",_xlfn.XLOOKUP(CQ18,_xlfn.XLOOKUP(E18,'Normative data'!$Y$3:$Y$6,'Normative data'!$Z$3:$AG$6,,-1),'Normative data'!$Z$2:$AG$2,"Not Found",-1))} -> Incomplete | CU18: {=_xlfn.XLOOKUP(CS18&CT18,(VLOOKUP!$A$3:$A$250)&(VLOOKUP!$B$3:$B$250),VLOOKUP!$C$3:$C$250,"Incomplete",-1)} -> Incomplete | CV18: {=_xlfn.XLOOKUP(CU18, _xlfn.XLOOKUP(E18, 'Normative data'!$Y$11:$Y$14, 'Normative data'!$Z$11:$AG$14, ,-1), 'Normative data'!$Z$10:$AG$10, "Not Found", -1)} -> Excellent | CW18: {=IF(OR(ISBLANK(CS18),ISBLANK(CT18)),"Incomplete",_xlfn.XLOOKUP(CS18&CT18,VLOOKUP!$A$4:$A$250&VLOOKUP!$B$4:$B$250,VLOOKUP!$D$4:$D$250,"0"))} -> Incomplete
A19: Amy | B19: Aheebwa | C19: Female | D19: 40342 | F19: 9 | G19: 2025 | H19: August | I19: 3 | AY19: =IF(OR(ISBLANK(U19), ISBLANK(AQ19)), "Incomplete", (60.7*AQ19)+(45.3*U19)-2055) -> Incomplete | BA19: =IF(OR(ISBLANK(U19), ISBLANK(AS19)), "Incomplete", (60.7*AS19)+(45.3*U19)-2055) -> Incomplete | BC19: =IF(OR(ISBLANK(U19), ISBLANK(AU19)), "Incomplete", (60.7*AU19)+(45.3*U19)-2055) -> Incomplete | BE19: =IF(OR(ISBLANK(U19), ISBLANK(AW19)), "Incomplete", (60.7*AW19)+(45.3*U19)-2055) -> Incomplete | BG19: 10.2 | BH19: 21 | BI19: =IF(OR(ISBLANK(BG19), ISBLANK(BH19)),"Incomplete",(SUM(BH19-BG19))) -> 10.8 | BW19: =IFERROR(SUM(BQ19+BR19+BS19)/(3*(T19-S19))*100, "Incomplete") -> Incomplete | BX19: =_xlfn.XLOOKUP(BW19,'Normative data'!$V$3:$V$6,'Normative data'!$W$3:$W$6,"Not Found",-1) -> Very low risk | BY19: =IFERROR(SUM(BT19+BU19+BV19)/(3*(T19-S19))*100, "Incomplete") -> Incomplete | BZ19: =_xlfn.XLOOKUP(BY19,'Normative data'!$V$3:$V$6,'Normative data'!$W$3:$W$6,"Not Found",-1) -> Very low risk | CH19: =_xlfn.XLOOKUP(CG19, 'Normative data'!$S$9:$S$15,'Normative data'!$T$9:$T$15, "Not Found", -1) -> not completed | CJ19: =_xlfn.XLOOKUP(CI19, 'Normative data'!$S$9:$S$15, 'Normative data'!$T$9:$T$15, "Not Found", -1) -> not completed | CK19: 2.63 | CL19: 3.8 | CN19: 8.69 | CO19: 5.75 | CR19: {=IF(OR(ISBLANK(E19),ISBLANK(CQ19)),"Incomplete",_xlfn.XLOOKUP(CQ19,_xlfn.XLOOKUP(E19,'Normative data'!$Y$3:$Y$6,'Normative data'!$Z$3:$AG$6,,-1),'Normative data'!$Z$2:$AG$2,"Not Found",-1))} -> Incomplete | CU19: {=_xlfn.XLOOKUP(CS19&CT19,(VLOOKUP!$A$3:$A$250)&(VLOOKUP!$B$3:$B$250),VLOOKUP!$C$3:$C$250,"Incomplete",-1)} -> Incomplete | CV19: {=_xlfn.XLOOKUP(CU19, _xlfn.XLOOKUP(E19, 'Normative data'!$Y$11:$Y$14, 'Normative data'!$Z$11:$AG$14, ,-1), 'Normative data'!$Z$10:$AG$10, "Not Found", -1)} -> Excellent | CW19: {=IF(OR(ISBLANK(CS19),ISBLANK(CT19)),"Incomplete",_xlfn.XLOOKUP(CS19&CT19,VLOOKUP!$A$4:$A$250&VLOOKUP!$B$4:$B$250,VLOOKUP!$D$4:$D$250,"0"))} -> Incomplete
A20: Holly | B20: Ahlschlager | C20: Female | F20: 11 | G20: 2025 | H20: August | I20: 3 | AY20: =IF(OR(ISBLANK(U20), ISBLANK(AQ20)), "Incomplete", (60.7*AQ20)+(45.3*U20)-2055) -> Incomplete | BA20: =IF(OR(ISBLANK(U20), ISBLANK(AS20)), "Incomplete", (60.7*AS20)+(45.3*U20)-2055) -> Incomplete | BC20: =IF(OR(ISBLANK(U20), ISBLANK(AU20)), "Incomplete", (60.7*AU20)+(45.3*U20)-2055) -> Incomplete | BE20: =IF(OR(ISBLANK(U20), ISBLANK(AW20)), "Incomplete", (60.7*AW20)+(45.3*U20)-2055) -> Incomplete | BG20: 14 | BH20: 29 | BI20: =IF(OR(ISBLANK(BG20), ISBLANK(BH20)),"Incomplete",(SUM(BH20-BG20))) -> 15 | BW20: =IFERROR(SUM(BQ20+BR20+BS20)/(3*(T20-S20))*100, "Incomplete") -> Incomplete | BX20: =_xlfn.XLOOKUP(BW20,'Normative data'!$V$3:$V$6,'Normative data'!$W$3:$W$6,"Not Found",-1) -> Very low risk | BY20: =IFERROR(SUM(BT20+BU20+BV20)/(3*(T20-S20))*100, "Incomplete") -> Incomplete | BZ20: =_xlfn.XLOOKUP(BY20,'Normative data'!$V$3:$V$6,'Normative data'!$W$3:$W$6,"Not Found",-1) -> Very low risk | CE20: 12 | CH20: =_xlfn.XLOOKUP(CG20, 'Normative data'!$S$9:$S$15,'Normative data'!$T$9:$T$15, "Not Found", -1) -> not completed | CJ20: =_xlfn.XLOOKUP(CI20, 'Normative data'!$S$9:$S$15, 'Normative data'!$T$9:$T$15, "Not Found", -1) -> not completed | CR20: {=IF(OR(ISBLANK(E20),ISBLANK(CQ20)),"Incomplete",_xlfn.XLOOKUP(CQ20,_xlfn.XLOOKUP(E20,'Normative data'!$Y$3:$Y$6,'Normative data'!$Z$3:$AG$6,,-1),'Normative data'!$Z$2:$AG$2,"Not Found",-1))} -> Incomplete | CU20: {=_xlfn.XLOOKUP(CS20&CT20,(VLOOKUP!$A$3:$A$250)&(VLOOKUP!$B$3:$B$250),VLOOKUP!$C$3:$C$250,"Incomplete",-1)} -> Incomplete | CV20: {=_xlfn.XLOOKUP(CU20, _xlfn.XLOOKUP(E20, 'Normative data'!$Y$11:$Y$14, 'Normative data'!$Z$11:$AG$14, ,-1), 'Normative data'!$Z$10:$AG$10, "Not Found", -1)} -> Excellent | CW20: {=IF(OR(ISBLANK(CS20),ISBLANK(CT20)),"Incomplete",_xlfn.XLOOKUP(CS20&CT20,VLOOKUP!$A$4:$A$250&VLOOKUP!$B$4:$B$250,VLOOKUP!$D$4:$D$250,"0"))} -> Incomplete
A21: van der Vaart | B21: Aila | C21: Female | D21: 41258 | E21: 13.5 | F21: 8A | G21: 2026 | I21: 2 | J21: Hockey | K21: U/14 C | S21: 82.8 | T21: 164.8 | U21: 50.4 | V21: 27.9 | W21: 12.3 | X21: 38.1 | Y21: 20.5 | Z21: 18.6 | AA21: 24.4 | AB21: 6.07 | AC21: 104.3 | AD21: 6.07 | AE21: 104.2 | AF21: 2.1 | AG21: 85.7 | AH21: 2.1 | AI21: 85.6 | AJ21: 339.5 | AK21: 340 | AL21: 306 | AM21: 307.3 | AN21: 98 | AQ21: 19.3 | AR21: 0.397 | AS21: 26.7 | AT21: 0.467 | AU21: 11.3 | AV21: 0.304 | AW21: 13.1 | AX21: 0.327 | AY21: =IF(OR(ISBLANK(U21), ISBLANK(AQ21)), "Incomplete", (60.7*AQ21)+(45.3*U21)-2055) -> 1399.63 | BA21: =IF(OR(ISBLANK(U21), ISBLANK(AS21)), "Incomplete", (60.7*AS21)+(45.3*U21)-2055) -> 1848.81 | BC21: =IF(OR(ISBLANK(U21), ISBLANK(AU21)), "Incomplete", (60.7*AU21)+(45.3*U21)-2055) -> 914.03 | BE21: =IF(OR(ISBLANK(U21), ISBLANK(AW21)), "Incomplete", (60.7*AW21)+(45.3*U21)-2055) -> 1023.29 | BG21: 9.5 | BH21: 35.9 | BI21: =IF(OR(ISBLANK(BG21), ISBLANK(BH21)),"Incomplete",(SUM(BH21-BG21))) -> 26.4 | BK21: 9 | BM21: 8 | BO21: 46.5 | BP21: 46.5 | BQ21: 94 | BR21: 82 | BS21: 76 | BT21: 84 | BU21: 78 | BV21: 70 | BW21: =IFERROR(SUM(BQ21+BR21+BS21)/(3*(T21-S21))*100, "Incomplete") -> 102.43902 | BX21: =_xlfn.XLOOKUP(BW21,'Normative data'!$V$3:$V$6,'Normative data'!$W$3:$W$6,"Not Found",-1) -> Low risk | BY21: =IFERROR(SUM(BT21+BU21+BV21)/(3*(T21-S21))*100, "Incomplete") -> 94.308943 | BZ21: =_xlfn.XLOOKUP(BY21,'Normative data'!$V$3:$V$6,'Normative data'!$W$3:$W$6,"Not Found",-1) -> High risk | CA21: 31 | CE21: 19 | CH21: =_xlfn.XLOOKUP(CG21, 'Normative data'!$S$9:$S$15,'Normative data'!$T$9:$T$15, "Not Found", -1) -> not completed | CJ21: =_xlfn.XLOOKUP(CI21, 'Normative data'!$S$9:$S$15, 'Normative data'!$T$9:$T$15, "Not Found", -1) -> not completed | CK21: 2.25 | CL21: 4.44 | CN21: 6.94 | CO21: 7.2 | CR21: {=IF(OR(ISBLANK(E21),ISBLANK(CQ21)),"Incomplete",_xlfn.XLOOKUP(CQ21,_xlfn.XLOOKUP(E21,'Normative data'!$Y$3:$Y$6,'Normative data'!$Z$3:$AG$6,,-1),'Normative data'!$Z$2:$AG$2,"Not Found",-1))} -> Incomplete | CU21: {=_xlfn.XLOOKUP(CS21&CT21,(VLOOKUP!$A$3:$A$250)&(VLOOKUP!$B$3:$B$250),VLOOKUP!$C$3:$C$250,"Incomplete",-1)} -> Incomplete | CV21: {=_xlfn.XLOOKUP(CU21, _xlfn.XLOOKUP(E21, 'Normative data'!$Y$11:$Y$14, 'Normative data'!$Z$11:$AG$14, ,-1), 'Normative data'!$Z$10:$AG$10, "Not Found", -1)} -> Excellent | CW21: {=IF(OR(ISBLANK(CS21),ISBLANK(CT21)),"Incomplete",_xlfn.XLOOKUP(CS21&CT21,VLOOKUP!$A$4:$A$250&VLOOKUP!$B$4:$B$250,VLOOKUP!$D$4:$D$250,"0"))} -> Incomplete
A22: Sienna | B22: Airey | C22: Female | D22: 40259 | F22: 9 | G22: 2025 | H22: January | I22: 1 | AY22: =IF(OR(ISBLANK(U22), ISBLANK(AQ22)), "Incomplete", (60.7*AQ22)+(45.3*U22)-2055) -> Incomplete | BA22: =IF(OR(ISBLANK(U22), ISBLANK(AS22)), "Incomplete", (60.7*AS22)+(45.3*U22)-2055) -> Incomplete | BC22: =IF(OR(ISBLANK(U22), ISBLANK(AU22)), "Incomplete", (60.7*AU22)+(45.3*U22)-2055) -> Incomplete | BE22: =IF(OR(ISBLANK(U22), ISBLANK(AW22)), "Incomplete", (60.7*AW22)+(45.3*U22)-2055) -> Incomplete | BG22: 16 | BH22: 45.5 | BI22: =IF(OR(ISBLANK(BG22), ISBLANK(BH22)),"Incomplete",(SUM(BH22-BG22))) -> 29.5 | BW22: =IFERROR(SUM(BQ22+BR22+BS22)/(3*(T22-S22))*100, "Incomplete") -> Incomplete | BX22: =_xlfn.XLOOKUP(BW22,'Normative data'!$V$3:$V$6,'Normative data'!$W$3:$W$6,"Not Found",-1) -> Very low risk | BY22: =IFERROR(SUM(BT22+BU22+BV22)/(3*(T22-S22))*100, "Incomplete") -> Incomplete | BZ22: =_xlfn.XLOOKUP(BY22,'Normative data'!$V$3:$V$6,'Normative data'!$W$3:$W$6,"Not Found",-1) -> Very low risk | CE22: 13 | CH22: =_xlfn.XLOOKUP(CG22, 'Normative data'!$S$9:$S$15,'Normative data'!$T$9:$T$15, "Not Found", -1) -> not completed | CJ22: =_xlfn.XLOOKUP(CI22, 'Normative data'!$S$9:$S$15, 'Normative data'!$T$9:$T$15, "Not Found", -1) -> not completed | CK22: 2.09 | CL22: 4.78 | CN22: 6.8 | CO22: 7.35 | CR22: {=IF(OR(ISBLANK(E22),ISBLANK(CQ22)),"Incomplete",_xlfn.XLOOKUP(CQ22,_xlfn.XLOOKUP(E22,'Normative data'!$Y$3:$Y$6,'Normative data'!$Z$3:$AG$6,,-1),'Normative data'!$Z$2:$AG$2,"Not Found",-1))} -> Incomplete | CU22: {=_xlfn.XLOOKUP(CS22&CT22,(VLOOKUP!$A$3:$A$250)&(VLOOKUP!$B$3:$B$250),VLOOKUP!$C$3:$C$250,"Incomplete",-1)} -> Incomplete | CV22: {=_xlfn.XLOOKUP(CU22, _xlfn.XLOOKUP(E22, 'Normative data'!$Y$11:$Y$14, 'Normative data'!$Z$11:$AG$14, ,-1), 'Normative data'!$Z$10:$AG$10, "Not Found", -1)} -> Excellent | CW22: {=IF(OR(ISBLANK(CS22),ISBLANK(CT22)),"Incomplete",_xlfn.XLOOKUP(CS22&CT22,VLOOKUP!$A$4:$A$250&VLOOKUP!$B$4:$B$250,VLOOKUP!$D$4:$D$250,"0"))} -> Incomplete
A23: Sienna | B23: Airey | C23: Female | F23: 9 | G23: 2025 | H23: August | I23: 3 | AY23: =IF(OR(ISBLANK(U23), ISBLANK(AQ23)), "Incomplete", (60.7*AQ23)+(45.3*U23)-2055) -> Incomplete | BA23: =IF(OR(ISBLANK(U23), ISBLANK(AS23)), "Incomplete", (60.7*AS23)+(45.3*U23)-2055) -> Incomplete | BC23: =IF(OR(ISBLANK(U23), ISBLANK(AU23)), "Incomplete", (60.7*AU23)+(45.3*U23)-2055) -> Incomplete | BE23: =IF(OR(ISBLANK(U23), ISBLANK(AW23)), "Incomplete", (60.7*AW23)+(45.3*U23)-2055) -> Incomplete | BI23: =IF(OR(ISBLANK(BG23), ISBLANK(BH23)),"Incomplete",(SUM(BH23-BG23))) -> Incomplete | BW23: =IFERROR(SUM(BQ23+BR23+BS23)/(3*(T23-S23))*100, "Incomplete") -> Incomplete | BX23: =_xlfn.XLOOKUP(BW23,'Normative data'!$V$3:$V$6,'Normative data'!$W$3:$W$6,"Not Found",-1) -> Very low risk | BY23: =IFERROR(SUM(BT23+BU23+BV23)/(3*(T23-S23))*100, "Incomplete") -> Incomplete | BZ23: =_xlfn.XLOOKUP(BY23,'Normative data'!$V$3:$V$6,'Normative data'!$W$3:$W$6,"Not Found",-1) -> Very low risk | CH23: =_xlfn.XLOOKUP(CG23, 'Normative data'!$S$9:$S$15,'Normative data'!$T$9:$T$15, "Not Found", -1) -> not completed | CJ23: =_xlfn.XLOOKUP(CI23, 'Normative data'!$S$9:$S$15, 'Normative data'!$T$9:$T$15, "Not Found", -1) -> not completed | CK23: 2.17 | CL23: 4.61 | CN23: 6.98 | CO23: 7.16 | CR23: {=IF(OR(ISBLANK(E23),ISBLANK(CQ23)),"Incomplete",_xlfn.XLOOKUP(CQ23,_xlfn.XLOOKUP(E23,'Normative data'!$Y$3:$Y$6,'Normative data'!$Z$3:$AG$6,,-1),'Normative data'!$Z$2:$AG$2,"Not Found",-1))} -> Incomplete | CU23: {=_xlfn.XLOOKUP(CS23&CT23,(VLOOKUP!$A$3:$A$250)&(VLOOKUP!$B$3:$B$250),VLOOKUP!$C$3:$C$250,"Incomplete",-1)} -> Incomplete | CV23: {=_xlfn.XLOOKUP(CU23, _xlfn.XLOOKUP(E23, 'Normative data'!$Y$11:$Y$14, 'Normative data'!$Z$11:$AG$14, ,-1), 'Normative data'!$Z$10:$AG$10, "Not Found", -1)} -> Excellent | CW23: {=IF(OR(ISBLANK(CS23),ISBLANK(CT23)),"Incomplete",_xlfn.XLOOKUP(CS23&CT23,VLOOKUP!$A$4:$A$250&VLOOKUP!$B$4:$B$250,VLOOKUP!$D$4:$D$250,"0"))} -> Incomplete
A24: Hendricks | B24: Aisha | C24: Female | F24: 11E | G24: 2026 | I24: 2 | J24: Hockey | K24: 2nd | AY24: =IF(OR(ISBLANK(U24), ISBLANK(AQ24)), "Incomplete", (60.7*AQ24)+(45.3*U24)-2055) -> Incomplete | BA24: =IF(OR(ISBLANK(U24), ISBLANK(AS24)), "Incomplete", (60.7*AS24)+(45.3*U24)-2055) -> Incomplete | BC24: =IF(OR(ISBLANK(U24), ISBLANK(AU24)), "Incomplete", (60.7*AU24)+(45.3*U24)-2055) -> Incomplete | BE24: =IF(OR(ISBLANK(U24), ISBLANK(AW24)), "Incomplete", (60.7*AW24)+(45.3*U24)-2055) -> Incomplete | BI24: =IF(OR(ISBLANK(BG24), ISBLANK(BH24)),"Incomplete",(SUM(BH24-BG24))) -> Incomplete | BQ24: 75 | BR24: 77 | BS24: 73 | BT24: 75 | BU24: 74 | BV24: 71 | BW24: =IFERROR(SUM(BQ24+BR24+BS24)/(3*(T24-S24))*100, "Incomplete") -> Incomplete | BX24: =_xlfn.XLOOKUP(BW24,'Normative data'!$V$3:$V$6,'Normative data'!$W$3:$W$6,"Not Found",-1) -> Very low risk | BY24: =IFERROR(SUM(BT24+BU24+BV24)/(3*(T24-S24))*100, "Incomplete") -> Incomplete | BZ24: =_xlfn.XLOOKUP(BY24,'Normative data'!$V$3:$V$6,'Normative data'!$W$3:$W$6,"Not Found",-1) -> Very low risk | CA24: 29 | CE24: 12 | CG24: 19.6 | CH24: =_xlfn.XLOOKUP(CG24, 'Normative data'!$S$9:$S$15,'Normative data'!$T$9:$T$15, "Not Found", -1) -> Average | CI24: 19.8 | CJ24: =_xlfn.XLOOKUP(CI24, 'Normative data'!$S$9:$S$15, 'Normative data'!$T$9:$T$15, "Not Found", -1) -> Average | CK24: 2.24 | CL24: 4.46 | CN24: 6.92 | CO24: 7.23 | CR24: {=IF(OR(ISBLANK(E24),ISBLANK(CQ24)),"Incomplete",_xlfn.XLOOKUP(CQ24,_xlfn.XLOOKUP(E24,'Normative data'!$Y$3:$Y$6,'Normative data'!$Z$3:$AG$6,,-1),'Normative data'!$Z$2:$AG$2,"Not Found",-1))} -> Incomplete | CU24: {=_xlfn.XLOOKUP(CS24&CT24,(VLOOKUP!$A$3:$A$250)&(VLOOKUP!$B$3:$B$250),VLOOKUP!$C$3:$C$250,"Incomplete",-1)} -> Incomplete | CV24: {=_xlfn.XLOOKUP(CU24, _xlfn.XLOOKUP(E24, 'Normative data'!$Y$11:$Y$14, 'Normative data'!$Z$11:$AG$14, ,-1), 'Normative data'!$Z$10:$AG$10, "Not Found", -1)} -> Excellent | CW24: {=IF(OR(ISBLANK(CS24),ISBLANK(CT24)),"Incomplete",_xlfn.XLOOKUP(CS24&CT24,VLOOKUP!$A$4:$A$250&VLOOKUP!$B$4:$B$250,VLOOKUP!$D$4:$D$250,"0"))} -> Incomplete
A25: Wareham | B25: Alana | C25: Female | D25: 40536 | F25: 9I | G25: 2026 | I25: 2 | J25: Hockey | K25: U/16 C | S25: 80.3 | T25: 165.2 | U25: 53.3 | V25: 31 | W25: 10.9 | X25: 42.4 | Y25: 23.1 | Z25: 19.5 | AA25: 20.4 | AB25: 6.52 | AC25: 105.9 | AD25: 6.53 | AE25: 105.9 | AF25: 1.8 | AG25: 73.1 | AH25: 1.8 | AI25: 72.7 | AJ25: 306.7 | AK25: 304.6 | AL25: 272 | AM25: 272.6 | AN25: 99 | AO25: 0.81 | AP25: 6.2 | AY25: =IF(OR(ISBLANK(U25), ISBLANK(AQ25)), "Incomplete", (60.7*AQ25)+(45.3*U25)-2055) -> Incomplete | BA25: =IF(OR(ISBLANK(U25), ISBLANK(AS25)), "Incomplete", (60.7*AS25)+(45.3*U25)-2055) -> Incomplete | BC25: =IF(OR(ISBLANK(U25), ISBLANK(AU25)), "Incomplete", (60.7*AU25)+(45.3*U25)-2055) -> Incomplete | BE25: =IF(OR(ISBLANK(U25), ISBLANK(AW25)), "Incomplete", (60.7*AW25)+(45.3*U25)-2055) -> Incomplete | BG25: 16 | BH25: 42.5 | BI25: =IF(OR(ISBLANK(BG25), ISBLANK(BH25)),"Incomplete",(SUM(BH25-BG25))) -> 26.5 | BO25: 43.2 | BP25: 43.2 | BQ25: 83 | BR25: 85 | BS25: 80 | BT25: 80 | BU25: 81 | BV25: 75 | BW25: =IFERROR(SUM(BQ25+BR25+BS25)/(3*(T25-S25))*100, "Incomplete") -> 97.369454 | BX25: =_xlfn.XLOOKUP(BW25,'Normative data'!$V$3:$V$6,'Normative data'!$W$3:$W$6,"Not Found",-1) -> Low risk | BY25: =IFERROR(SUM(BT25+BU25+BV25)/(3*(T25-S25))*100, "Incomplete") -> 92.658029 | BZ25: =_xlfn.XLOOKUP(BY25,'Normative data'!$V$3:$V$6,'Normative data'!$W$3:$W$6,"Not Found",-1) -> High risk | CA25: 30 | CE25: 20 | CH25: =_xlfn.XLOOKUP(CG25, 'Normative data'!$S$9:$S$15,'Normative data'!$T$9:$T$15, "Not Found", -1) -> not completed | CJ25: =_xlfn.XLOOKUP(CI25, 'Normative data'!$S$9:$S$15, 'Normative data'!$T$9:$T$15, "Not Found", -1) -> not completed | CK25: 2.4 | CL25: 4.17 | CN25: 7.73 | CO25: 6.47 | CQ25: 3.1 | CR25: {=IF(OR(ISBLANK(E25),ISBLANK(CQ25)),"Incomplete",_xlfn.XLOOKUP(CQ25,_xlfn.XLOOKUP(E25,'Normative data'!$Y$3:$Y$6,'Normative data'!$Z$3:$AG$6,,-1),'Normative data'!$Z$2:$AG$2,"Not Found",-1))} -> Incomplete | CS25: 3 | CT25: 1 | CU25: {=_xlfn.XLOOKUP(CS25&CT25,(VLOOKUP!$A$3:$A$250)&(VLOOKUP!$B$3:$B$250),VLOOKUP!$C$3:$C$250,"Incomplete",-1)} -> 320 | CV25: {=_xlfn.XLOOKUP(CU25, _xlfn.XLOOKUP(E25, 'Normative data'!$Y$11:$Y$14, 'Normative data'!$Z$11:$AG$14, ,-1), 'Normative data'!$Z$10:$AG$10, "Not Found", -1)} -> Very poor | CW25: {=IF(OR(ISBLANK(CS25),ISBLANK(CT25)),"Incomplete",_xlfn.XLOOKUP(CS25&CT25,VLOOKUP!$A$4:$A$250&VLOOKUP!$B$4:$B$250,VLOOKUP!$D$4:$D$250,"0"))} -> 23
A26: Burns | B26: Alexa Ella | C26: Female | D26: 41217 | E26: 14.1 | F26: 8D | G26: 2026 | I26: 2 | J26: Hockey | K26: U/14 B | S26: 88.4 | T26: 170.1 | U26: 64.4 | V26: 34.1 | W26: 17.8 | X26: 46.6 | Y26: 25.5 | Z26: 22.3 | AA26: 27.6 | AB26: 7.52 | AC26: 103.5 | AD26: 7.59 | AE26: 104.5 | AF26: 2.9 | AG26: 110.3 | AH26: 2.9 | AI26: 110.6 | AJ26: 280.8 | AK26: 274.4 | AL26: 253.7 | AM26: 247.3 | AN26: 105 | AO26: 0.83 | AP26: 6.7 | AQ26: 15 | AR26: 0.35 | AS26: 18.3 | AT26: 0.386 | AU26: 9.3 | AV26: 0.275 | AW26: 8.5 | AX26: 0.265 | AY26: =IF(OR(ISBLANK(U26), ISBLANK(AQ26)), "Incomplete", (60.7*AQ26)+(45.3*U26)-2055) -> 1772.82 | BA26: =IF(OR(ISBLANK(U26), ISBLANK(AS26)), "Incomplete", (60.7*AS26)+(45.3*U26)-2055) -> 1973.13 | BC26: =IF(OR(ISBLANK(U26), ISBLANK(AU26)), "Incomplete", (60.7*AU26)+(45.3*U26)-2055) -> 1426.83 | BE26: =IF(OR(ISBLANK(U26), ISBLANK(AW26)), "Incomplete", (60.7*AW26)+(45.3*U26)-2055) -> 1378.27 | BG26: 10 | BH26: 42 | BI26: =IF(OR(ISBLANK(BG26), ISBLANK(BH26)),"Incomplete",(SUM(BH26-BG26))) -> 32 | BK26: 8 | BM26: 7.5 | BO26: 52.5 | BP26: 52 | BQ26: 93 | BR26: 86 | BS26: 79 | BT26: 94 | BU26: 81 | BV26: 74 | BW26: =IFERROR(SUM(BQ26+BR26+BS26)/(3*(T26-S26))*100, "Incomplete") -> 105.26316 | BX26: =_xlfn.XLOOKUP(BW26,'Normative data'!$V$3:$V$6,'Normative data'!$W$3:$W$6,"Not Found",-1) -> Low risk | BY26: =IFERROR(SUM(BT26+BU26+BV26)/(3*(T26-S26))*100, "Incomplete") -> 101.59119 | BZ26: =_xlfn.XLOOKUP(BY26,'Normative data'!$V$3:$V$6,'Normative data'!$W$3:$W$6,"Not Found",-1) -> Low risk | CA26: 36 | CE26: 13 | CG26: 18.26 | CH26: =_xlfn.XLOOKUP(CG26, 'Normative data'!$S$9:$S$15,'Normative data'!$T$9:$T$15, "Not Found", -1) -> Average | CI26: 18.36 | CJ26: =_xlfn.XLOOKUP(CI26, 'Normative data'!$S$9:$S$15, 'Normative data'!$T$9:$T$15, "Not Found", -1) -> Average | CK26: 3.26 | CL26: 3.07 | CN26: 7.81 | CO26: 6.4 | CQ26: 9.7 | CR26: {=IF(OR(ISBLANK(E26),ISBLANK(CQ26)),"Incomplete",_xlfn.XLOOKUP(CQ26,_xlfn.XLOOKUP(E26,'Normative data'!$Y$3:$Y$6,'Normative data'!$Z$3:$AG$6,,-1),'Normative data'!$Z$2:$AG$2,"Not Found",-1))} -> Very good | CS26: 9 | CT26: 7 | CU26: {=_xlfn.XLOOKUP(CS26&CT26,(VLOOKUP!$A$3:$A$250)&(VLOOKUP!$B$3:$B$250),VLOOKUP!$C$3:$C$250,"Incomplete",-1)} -> 1580 | CV26: {=_xlfn.XLOOKUP(CU26, _xlfn.XLOOKUP(E26, 'Normative data'!$Y$11:$Y$14, 'Normative data'!$Z$11:$AG$14, ,-1), 'Normative data'!$Z$10:$AG$10, "Not Found", -1)} -> Good | CW26: {=IF(OR(ISBLANK(CS26),ISBLANK(CT26)),"Incomplete",_xlfn.XLOOKUP(CS26&CT26,VLOOKUP!$A$4:$A$250&VLOOKUP!$B$4:$B$250,VLOOKUP!$D$4:$D$250,"0"))} -> 46
A27: Goosen | B27: Alexandra | C27: Female | F27: 10E | G27: 2026 | I27: 2 | S27: 87.1 | T27: 167.5 | AY27: =IF(OR(ISBLANK(U27), ISBLANK(AQ27)), "Incomplete", (60.7*AQ27)+(45.3*U27)-2055) -> Incomplete | BA27: =IF(OR(ISBLANK(U27), ISBLANK(AS27)), "Incomplete", (60.7*AS27)+(45.3*U27)-2055) -> Incomplete | BC27: =IF(OR(ISBLANK(U27), ISBLANK(AU27)), "Incomplete", (60.7*AU27)+(45.3*U27)-2055) -> Incomplete | BE27: =IF(OR(ISBLANK(U27), ISBLANK(AW27)), "Incomplete", (60.7*AW27)+(45.3*U27)-2055) -> Incomplete | BG27: 13.9 | BH27: 34.3 | BI27: =IF(OR(ISBLANK(BG27), ISBLANK(BH27)),"Incomplete",(SUM(BH27-BG27))) -> 20.4 | BW27: =IFERROR(SUM(BQ27+BR27+BS27)/(3*(T27-S27))*100, "Incomplete") -> 0 | BX27: =_xlfn.XLOOKUP(BW27,'Normative data'!$V$3:$V$6,'Normative data'!$W$3:$W$6,"Not Found",-1) -> Not completed | BY27: =IFERROR(SUM(BT27+BU27+BV27)/(3*(T27-S27))*100, "Incomplete") -> 0 | BZ27: =_xlfn.XLOOKUP(BY27,'Normative data'!$V$3:$V$6,'Normative data'!$W$3:$W$6,"Not Found",-1) -> Not completed | CA27: 32 | CE27: 14 | CG27: 19.68 | CH27: =_xlfn.XLOOKUP(CG27, 'Normative data'!$S$9:$S$15,'Normative data'!$T$9:$T$15, "Not Found", -1) -> Average | CI27: 19.99 | CJ27: =_xlfn.XLOOKUP(CI27, 'Normative data'!$S$9:$S$15, 'Normative data'!$T$9:$T$15, "Not Found", -1) -> Average | CK27: 2.46 | CL27: 4.07 | CN27: 7.91 | CO27: 6.32 | CR27: {=IF(OR(ISBLANK(E27),ISBLANK(CQ27)),"Incomplete",_xlfn.XLOOKUP(CQ27,_xlfn.XLOOKUP(E27,'Normative data'!$Y$3:$Y$6,'Normative data'!$Z$3:$AG$6,,-1),'Normative data'!$Z$2:$AG$2,"Not Found",-1))} -> Incomplete | CU27: {=_xlfn.XLOOKUP(CS27&CT27,(VLOOKUP!$A$3:$A$250)&(VLOOKUP!$B$3:$B$250),VLOOKUP!$C$3:$C$250,"Incomplete",-1)} -> Incomplete | CV27: {=_xlfn.XLOOKUP(CU27, _xlfn.XLOOKUP(E27, 'Normative data'!$Y$11:$Y$14, 'Normative data'!$Z$11:$AG$14, ,-1), 'Normative data'!$Z$10:$AG$10, "Not Found", -1)} -> Excellent | CW27: {=IF(OR(ISBLANK(CS27),ISBLANK(CT27)),"Incomplete",_xlfn.XLOOKUP(CS27&CT27,VLOOKUP!$A$4:$A$250&VLOOKUP!$B$4:$B$250,VLOOKUP!$D$4:$D$250,"0"))} -> Incomplete
A28: Rogers | B28: Alexandra | C28: Female | D28: 40348 | E28: 15.8 | F28: 10I | G28: 2026 | I28: 2 | S28: 91.2 | T28: 172 | U28: 62 | V28: 36.4 | W28: 12.1 | X28: 49.9 | Y28: 27.5 | Z28: 21 | AA28: 19.6 | AB28: 7.65 | AC28: 106.7 | AD28: 7.69 | AE28: 107.3 | AF28: 1.9 | AG28: 71 | AH28: 1.9 | AI28: 71.2 | AJ28: 301.1 | AK28: 296.8 | AL28: 267.7 | AM28: 263.2 | AN28: 116 | AO28: 0.83 | AP28: 6.8 | AY28: =IF(OR(ISBLANK(U28), ISBLANK(AQ28)), "Incomplete", (60.7*AQ28)+(45.3*U28)-2055) -> Incomplete | BA28: =IF(OR(ISBLANK(U28), ISBLANK(AS28)), "Incomplete", (60.7*AS28)+(45.3*U28)-2055) -> Incomplete | BC28: =IF(OR(ISBLANK(U28), ISBLANK(AU28)), "Incomplete", (60.7*AU28)+(45.3*U28)-2055) -> Incomplete | BE28: =IF(OR(ISBLANK(U28), ISBLANK(AW28)), "Incomplete", (60.7*AW28)+(45.3*U28)-2055) -> Incomplete | BI28: =IF(OR(ISBLANK(BG28), ISBLANK(BH28)),"Incomplete",(SUM(BH28-BG28))) -> Incomplete | BK28: 15.9 | BM28: 14 | BW28: =IFERROR(SUM(BQ28+BR28+BS28)/(3*(T28-S28))*100, "Incomplete") -> 0 | BX28: =_xlfn.XLOOKUP(BW28,'Normative data'!$V$3:$V$6,'Normative data'!$W$3:$W$6,"Not Found",-1) -> Not completed | BY28: =IFERROR(SUM(BT28+BU28+BV28)/(3*(T28-S28))*100, "Incomplete") -> 0 | BZ28: =_xlfn.XLOOKUP(BY28,'Normative data'!$V$3:$V$6,'Normative data'!$W$3:$W$6,"Not Found",-1) -> Not completed | CE28: 15 | CH28: =_xlfn.XLOOKUP(CG28, 'Normative data'!$S$9:$S$15,'Normative data'!$T$9:$T$15, "Not Found", -1) -> not completed | CJ28: =_xlfn.XLOOKUP(CI28, 'Normative data'!$S$9:$S$15, 'Normative data'!$T$9:$T$15, "Not Found", -1) -> not completed | CK28: 2.26 | CL28: 4.42 | CN28: 7.08 | CO28: 7.06 | CQ28: 9.8 | CR28: {=IF(OR(ISBLANK(E28),ISBLANK(CQ28)),"Incomplete",_xlfn.XLOOKUP(CQ28,_xlfn.XLOOKUP(E28,'Normative data'!$Y$3:$Y$6,'Normative data'!$Z$3:$AG$6,,-1),'Normative data'!$Z$2:$AG$2,"Not Found",-1))} -> Very good | CS28: 9 | CT28: 8 | CU28: {=_xlfn.XLOOKUP(CS28&CT28,(VLOOKUP!$A$3:$A$250)&(VLOOKUP!$B$3:$B$250),VLOOKUP!$C$3:$C$250,"Incomplete",-1)} -> 1600 | CV28: {=_xlfn.XLOOKUP(CU28, _xlfn.XLOOKUP(E28, 'Normative data'!$Y$11:$Y$14, 'Normative data'!$Z$11:$AG$14, ,-1), 'Normative data'!$Z$10:$AG$10, "Not Found", -1)} -> Good | CW28: {=IF(OR(ISBLANK(CS28),ISBLANK(CT28)),"Incomplete",_xlfn.XLOOKUP(CS28&CT28,VLOOKUP!$A$4:$A$250&VLOOKUP!$B$4:$B$250,VLOOKUP!$D$4:$D$250,"0"))} -> 46
A29: Kennedy-Good | B29: Alexandra | C29: Female | D29: 40422 | F29: 10E | G29: 2026 | I29: 2 | S29: 83 | T29: 166 | U29: 54.1 | V29: 29.1 | W29: 14.3 | X29: 39.8 | Y29: 21.5 | Z29: 19.6 | AA29: 26.5 | AB29: 6.28 | AC29: 100.5 | AD29: 6.19 | AE29: 99 | AF29: 2.3 | AG29: 92 | AH29: 2.3 | AI29: 91.5 | AJ29: 334.8 | AK29: 346.5 | AL29: 302.5 | AM29: 313.4 | AN29: 98 | AO29: 0.85 | AP29: 5.8 | AQ29: 13.9 | AR29: 0.337 | AS29: 19.2 | AT29: 0.396 | AU29: 6.9 | AV29: 0.238 | AW29: 7.5 | AX29: 0.247 | AY29: =IF(OR(ISBLANK(U29), ISBLANK(AQ29)), "Incomplete", (60.7*AQ29)+(45.3*U29)-2055) -> 1239.46 | BA29: =IF(OR(ISBLANK(U29), ISBLANK(AS29)), "Incomplete", (60.7*AS29)+(45.3*U29)-2055) -> 1561.17 | BC29: =IF(OR(ISBLANK(U29), ISBLANK(AU29)), "Incomplete", (60.7*AU29)+(45.3*U29)-2055) -> 814.56 | BE29: =IF(OR(ISBLANK(U29), ISBLANK(AW29)), "Incomplete", (60.7*AW29)+(45.3*U29)-2055) -> 850.98 | BG29: 5.1 | BH29: 17.7 | BI29: =IF(OR(ISBLANK(BG29), ISBLANK(BH29)),"Incomplete",(SUM(BH29-BG29))) -> 12.6 | BK29: 7 | BM29: 9 | BO29: 49 | BP29: 48 | BQ29: 65 | BR29: 66 | BS29: 60 | BT29: 79 | BU29: 79 | BV29: 63 | BW29: =IFERROR(SUM(BQ29+BR29+BS29)/(3*(T29-S29))*100, "Incomplete") -> 76.706827 | BX29: =_xlfn.XLOOKUP(BW29,'Normative data'!$V$3:$V$6,'Normative data'!$W$3:$W$6,"Not Found",-1) -> High risk | BY29: =IFERROR(SUM(BT29+BU29+BV29)/(3*(T29-S29))*100, "Incomplete") -> 88.75502 | BZ29: =_xlfn.XLOOKUP(BY29,'Normative data'!$V$3:$V$6,'Normative data'!$W$3:$W$6,"Not Found",-1) -> High risk | CA29: 8 | CE29: 5 | CH29: =_xlfn.XLOOKUP(CG29, 'Normative data'!$S$9:$S$15,'Normative data'!$T$9:$T$15, "Not Found", -1) -> not completed | CJ29: =_xlfn.XLOOKUP(CI29, 'Normative data'!$S$9:$S$15, 'Normative data'!$T$9:$T$15, "Not Found", -1) -> not completed | CK29: 2.48 | CL29: 4.03 | CN29: 7.7 | CO29: 6.49 | CR29: {=IF(OR(ISBLANK(E29),ISBLANK(CQ29)),"Incomplete",_xlfn.XLOOKUP(CQ29,_xlfn.XLOOKUP(E29,'Normative data'!$Y$3:$Y$6,'Normative data'!$Z$3:$AG$6,,-1),'Normative data'!$Z$2:$AG$2,"Not Found",-1))} -> Incomplete | CU29: {=_xlfn.XLOOKUP(CS29&CT29,(VLOOKUP!$A$3:$A$250)&(VLOOKUP!$B$3:$B$250),VLOOKUP!$C$3:$C$250,"Incomplete",-1)} -> Incomplete | CV29: {=_xlfn.XLOOKUP(CU29, _xlfn.XLOOKUP(E29, 'Normative data'!$Y$11:$Y$14, 'Normative data'!$Z$11:$AG$14, ,-1), 'Normative data'!$Z$10:$AG$10, "Not Found", -1)} -> Excellent | CW29: {=IF(OR(ISBLANK(CS29),ISBLANK(CT29)),"Incomplete",_xlfn.XLOOKUP(CS29&CT29,VLOOKUP!$A$4:$A$250&VLOOKUP!$B$4:$B$250,VLOOKUP!$D$4:$D$250,"0"))} -> Incomplete
A30: Wareham | B30: Alexis | C30: Female | F30: 11P | G30: 2026 | I30: 2 | S30: 86.2 | T30: 172.1 | AY30: =IF(OR(ISBLANK(U30), ISBLANK(AQ30)), "Incomplete", (60.7*AQ30)+(45.3*U30)-2055) -> Incomplete | BA30: =IF(OR(ISBLANK(U30), ISBLANK(AS30)), "Incomplete", (60.7*AS30)+(45.3*U30)-2055) -> Incomplete | BC30: =IF(OR(ISBLANK(U30), ISBLANK(AU30)), "Incomplete", (60.7*AU30)+(45.3*U30)-2055) -> Incomplete | BE30: =IF(OR(ISBLANK(U30), ISBLANK(AW30)), "Incomplete", (60.7*AW30)+(45.3*U30)-2055) -> Incomplete | BG30: 11.5 | BH30: 32.4 | BI30: =IF(OR(ISBLANK(BG30), ISBLANK(BH30)),"Incomplete",(SUM(BH30-BG30))) -> 20.9 | BW30: =IFERROR(SUM(BQ30+BR30+BS30)/(3*(T30-S30))*100, "Incomplete") -> 0 | BX30: =_xlfn.XLOOKUP(BW30,'Normative data'!$V$3:$V$6,'Normative data'!$W$3:$W$6,"Not Found",-1) -> Not completed | BY30: =IFERROR(SUM(BT30+BU30+BV30)/(3*(T30-S30))*100, "Incomplete") -> 0 | BZ30: =_xlfn.XLOOKUP(BY30,'Normative data'!$V$3:$V$6,'Normative data'!$W$3:$W$6,"Not Found",-1) -> Not completed | CH30: =_xlfn.XLOOKUP(CG30, 'Normative data'!$S$9:$S$15,'Normative data'!$T$9:$T$15, "Not Found", -1) -> not completed | CJ30: =_xlfn.XLOOKUP(CI30, 'Normative data'!$S$9:$S$15, 'Normative data'!$T$9:$T$15, "Not Found", -1) -> not completed | CR30: {=IF(OR(ISBLANK(E30),ISBLANK(CQ30)),"Incomplete",_xlfn.XLOOKUP(CQ30,_xlfn.XLOOKUP(E30,'Normative data'!$Y$3:$Y$6,'Normative data'!$Z$3:$AG$6,,-1),'Normative data'!$Z$2:$AG$2,"Not Found",-1))} -> Incomplete | CU30: {=_xlfn.XLOOKUP(CS30&CT30,(VLOOKUP!$A$3:$A$250)&(VLOOKUP!$B$3:$B$250),VLOOKUP!$C$3:$C$250,"Incomplete",-1)} -> Incomplete | CV30: {=_xlfn.XLOOKUP(CU30, _xlfn.XLOOKUP(E30, 'Normative data'!$Y$11:$Y$14, 'Normative data'!$Z$11:$AG$14, ,-1), 'Normative data'!$Z$10:$AG$10, "Not Found", -1)} -> Excellent | CW30: {=IF(OR(ISBLANK(CS30),ISBLANK(CT30)),"Incomplete",_xlfn.XLOOKUP(CS30&CT30,VLOOKUP!$A$4:$A$250&VLOOKUP!$B$4:$B$250,VLOOKUP!$D$4:$D$250,"0"))} -> Incomplete
A31: Bailey | B31: Alice | C31: Female | D31: 39716 | E31: 17.8 | F31: 12 | G31: 2026 | I31: 2 | J31: Hockey | K31: 2nd | S31: 86.3 | T31: 156.6 | U31: 59.3 | V31: 30.4 | W31: 17.6 | X31: 41.7 | Y31: 22.8 | Z31: 24.2 | AA31: 29.7 | AB31: 6.83 | AC31: 116 | AD31: 6.74 | AE31: 114.4 | AF31: 3.3 | AG31: 171.4 | AH31: 3.2 | AI31: 169.4 | AJ31: 226.1 | AK31: 228.1 | AL31: 197.2 | AM31: 200.6 | AN31: 77 | AQ31: 24.2 | AR31: 0.444 | AS31: 25.3 | AT31: 0.454 | AU31: 12 | AV31: 0.313 | AW31: 14.3 | AX31: 0.342 | AY31: =IF(OR(ISBLANK(U31), ISBLANK(AQ31)), "Incomplete", (60.7*AQ31)+(45.3*U31)-2055) -> 2100.23 | BA31: =IF(OR(ISBLANK(U31), ISBLANK(AS31)), "Incomplete", (60.7*AS31)+(45.3*U31)-2055) -> 2167 | BC31: =IF(OR(ISBLANK(U31), ISBLANK(AU31)), "Incomplete", (60.7*AU31)+(45.3*U31)-2055) -> 1359.69 | BE31: =IF(OR(ISBLANK(U31), ISBLANK(AW31)), "Incomplete", (60.7*AW31)+(45.3*U31)-2055) -> 1499.3 | BG31: 17 | BH31: 55 | BI31: =IF(OR(ISBLANK(BG31), ISBLANK(BH31)),"Incomplete",(SUM(BH31-BG31))) -> 38 | BK31: 9 | BM31: 10 | BO31: 54 | BP31: 54 | BQ31: 89 | BR31: 91 | BS31: 88 | BT31: 85 | BU31: 83 | BV31: 84 | BW31: =IFERROR(SUM(BQ31+BR31+BS31)/(3*(T31-S31))*100, "Incomplete") -> 127.07444 | BX31: =_xlfn.XLOOKUP(BW31,'Normative data'!$V$3:$V$6,'Normative data'!$W$3:$W$6,"Not Found",-1) -> Very low risk | BY31: =IFERROR(SUM(BT31+BU31+BV31)/(3*(T31-S31))*100, "Incomplete") -> 119.48791 | BZ31: =_xlfn.XLOOKUP(BY31,'Normative data'!$V$3:$V$6,'Normative data'!$W$3:$W$6,"Not Found",-1) -> Low risk | CA31: 26 | CE31: 26 | CG31: 17.92 | CH31: =_xlfn.XLOOKUP(CG31, 'Normative data'!$S$9:$S$15,'Normative data'!$T$9:$T$15, "Not Found", -1) -> Above Average | CI31: 17.55 | CJ31: =_xlfn.XLOOKUP(CI31, 'Normative data'!$S$9:$S$15, 'Normative data'!$T$9:$T$15, "Not Found", -1) -> Above Average | CR31: {=IF(OR(ISBLANK(E31),ISBLANK(CQ31)),"Incomplete",_xlfn.XLOOKUP(CQ31,_xlfn.XLOOKUP(E31,'Normative data'!$Y$3:$Y$6,'Normative data'!$Z$3:$AG$6,,-1),'Normative data'!$Z$2:$AG$2,"Not Found",-1))} -> Incomplete | CU31: {=_xlfn.XLOOKUP(CS31&CT31,(VLOOKUP!$A$3:$A$250)&(VLOOKUP!$B$3:$B$250),VLOOKUP!$C$3:$C$250,"Incomplete",-1)} -> Incomplete | CV31: {=_xlfn.XLOOKUP(CU31, _xlfn.XLOOKUP(E31, 'Normative data'!$Y$11:$Y$14, 'Normative data'!$Z$11:$AG$14, ,-1), 'Normative data'!$Z$10:$AG$10, "Not Found", -1)} -> Excellent | CW31: {=IF(OR(ISBLANK(CS31),ISBLANK(CT31)),"Incomplete",_xlfn.XLOOKUP(CS31&CT31,VLOOKUP!$A$4:$A$250&VLOOKUP!$B$4:$B$250,VLOOKUP!$D$4:$D$250,"0"))} -> Incomplete
A32: Conway | B32: Alison | C32: Female | D32: 41079 | E32: 13.8 | F32: 8A | G32: 2026 | I32: 2 | J32: Hockey | K32: U/14 A | S32: 82.4 | T32: 156.4 | U32: 55.2 | V32: 28.1 | W32: 16.9 | X32: 38.3 | Y32: 20.7 | Z32: 22.6 | AA32: 30.6 | AB32: 5.84 | AC32: 101.8 | AD32: 5.77 | AE32: 100.5 | AF32: 2.8 | AG32: 145.4 | AH32: 2.8 | AI32: 145.1 | AJ32: 271.7 | AK32: 277.6 | AL32: 242.7 | AM32: 246.6 | AN32: 84 | AO32: 0.83 | AP32: 6.2 | AQ32: 15.7 | AR32: 0.358 | AS32: 21.8 | AT32: 0.422 | AU32: 8.4 | AV32: 0.262 | AW32: 12 | AX32: 0.313 | AY32: =IF(OR(ISBLANK(U32), ISBLANK(AQ32)), "Incomplete", (60.7*AQ32)+(45.3*U32)-2055) -> 1398.55 | BA32: =IF(OR(ISBLANK(U32), ISBLANK(AS32)), "Incomplete", (60.7*AS32)+(45.3*U32)-2055) -> 1768.82 | BC32: =IF(OR(ISBLANK(U32), ISBLANK(AU32)), "Incomplete", (60.7*AU32)+(45.3*U32)-2055) -> 955.44 | BE32: =IF(OR(ISBLANK(U32), ISBLANK(AW32)), "Incomplete", (60.7*AW32)+(45.3*U32)-2055) -> 1173.96 | BG32: 14 | BH32: 56 | BI32: =IF(OR(ISBLANK(BG32), ISBLANK(BH32)),"Incomplete",(SUM(BH32-BG32))) -> 42 | BK32: 4 | BM32: 4 | BO32: 46.2 | BP32: 45 | BQ32: 87 | BR32: 90 | BS32: 80 | BT32: 85 | BU32: 89 | BV32: 64 | BW32: =IFERROR(SUM(BQ32+BR32+BS32)/(3*(T32-S32))*100, "Incomplete") -> 115.76577 | BX32: =_xlfn.XLOOKUP(BW32,'Normative data'!$V$3:$V$6,'Normative data'!$W$3:$W$6,"Not Found",-1) -> Low risk | BY32: =IFERROR(SUM(BT32+BU32+BV32)/(3*(T32-S32))*100, "Incomplete") -> 107.20721 | BZ32: =_xlfn.XLOOKUP(BY32,'Normative data'!$V$3:$V$6,'Normative data'!$W$3:$W$6,"Not Found",-1) -> Low risk | CA32: 28 | CE32: 20 | CG32: 20.01 | CH32: =_xlfn.XLOOKUP(CG32, 'Normative data'!$S$9:$S$15,'Normative data'!$T$9:$T$15, "Not Found", -1) -> Average | CI32: 21.15 | CJ32: =_xlfn.XLOOKUP(CI32, 'Normative data'!$S$9:$S$15, 'Normative data'!$T$9:$T$15, "Not Found", -1) -> Average | CK32: 2.37 | CL32: 4.22 | CN32: 7.64 | CO32: 6.54 | CQ32: 5.3 | CR32: {=IF(OR(ISBLANK(E32),ISBLANK(CQ32)),"Incomplete",_xlfn.XLOOKUP(CQ32,_xlfn.XLOOKUP(E32,'Normative data'!$Y$3:$Y$6,'Normative data'!$Z$3:$AG$6,,-1),'Normative data'!$Z$2:$AG$2,"Not Found",-1))} -> Average | CS32: 5 | CT32: 3 | CU32: {=_xlfn.XLOOKUP(CS32&CT32,(VLOOKUP!$A$3:$A$250)&(VLOOKUP!$B$3:$B$250),VLOOKUP!$C$3:$C$250,"Incomplete",-1)} -> 700 | CV32: {=_xlfn.XLOOKUP(CU32, _xlfn.XLOOKUP(E32, 'Normative data'!$Y$11:$Y$14, 'Normative data'!$Z$11:$AG$14, ,-1), 'Normative data'!$Z$10:$AG$10, "Not Found", -1)} -> Average | CW32: {=IF(OR(ISBLANK(CS32),ISBLANK(CT32)),"Incomplete",_xlfn.XLOOKUP(CS32&CT32,VLOOKUP!$A$4:$A$250&VLOOKUP!$B$4:$B$250,VLOOKUP!$D$4:$D$250,"0"))} -> 31
A33: Padia | B33: Alyana | C33: Female | D33: 40739 | F33: 9P | G33: 2026 | I33: 2 | J33: Hockey | K33: U/16 D | S33: 80 | T33: 153.8 | U33: 66.2 | V33: 28 | W33: 27.9 | X33: 38.3 | Y33: 20.8 | AA33: 42.1 | AB33: 5.39 | AC33: 90.3 | AD33: 5.29 | AE33: 88.7 | AF33: 4 | AG33: 230.3 | AH33: 3.9 | AI33: 229.1 | AJ33: 320.5 | AK33: 332.5 | AL33: 284.3 | AM33: 296 | AN33: 59 | AQ33: 16.1 | AR33: 0.362 | AS33: 17.8 | AT33: 0.381 | AU33: 2.9 | AV33: 0.154 | AW33: 6 | AX33: 0.221 | AY33: =IF(OR(ISBLANK(U33), ISBLANK(AQ33)), "Incomplete", (60.7*AQ33)+(45.3*U33)-2055) -> 1921.13 | BA33: =IF(OR(ISBLANK(U33), ISBLANK(AS33)), "Incomplete", (60.7*AS33)+(45.3*U33)-2055) -> 2024.32 | BC33: =IF(OR(ISBLANK(U33), ISBLANK(AU33)), "Incomplete", (60.7*AU33)+(45.3*U33)-2055) -> 1119.89 | BE33: =IF(OR(ISBLANK(U33), ISBLANK(AW33)), "Incomplete", (60.7*AW33)+(45.3*U33)-2055) -> 1308.06 | BG33: 11.5 | BH33: 49.4 | BI33: =IF(OR(ISBLANK(BG33), ISBLANK(BH33)),"Incomplete",(SUM(BH33-BG33))) -> 37.9 | BK33: 11 | BM33: 13 | BO33: 55 | BP33: 55 | BQ33: 70 | BR33: 71 | BS33: 60 | BT33: 76 | BU33: 68 | BV33: 62 | BW33: =IFERROR(SUM(BQ33+BR33+BS33)/(3*(T33-S33))*100, "Incomplete") -> 90.785908 | BX33: =_xlfn.XLOOKUP(BW33,'Normative data'!$V$3:$V$6,'Normative data'!$W$3:$W$6,"Not Found",-1) -> High risk | BY33: =IFERROR(SUM(BT33+BU33+BV33)/(3*(T33-S33))*100, "Incomplete") -> 93.044264 | BZ33: =_xlfn.XLOOKUP(BY33,'Normative data'!$V$3:$V$6,'Normative data'!$W$3:$W$6,"Not Found",-1) -> High risk | CA33: 19 | CE33: 5 | CH33: =_xlfn.XLOOKUP(CG33, 'Normative data'!$S$9:$S$15,'Normative data'!$T$9:$T$15, "Not Found", -1) -> not completed | CJ33: =_xlfn.XLOOKUP(CI33, 'Normative data'!$S$9:$S$15, 'Normative data'!$T$9:$T$15, "Not Found", -1) -> not completed | CR33: {=IF(OR(ISBLANK(E33),ISBLANK(CQ33)),"Incomplete",_xlfn.XLOOKUP(CQ33,_xlfn.XLOOKUP(E33,'Normative data'!$Y$3:$Y$6,'Normative data'!$Z$3:$AG$6,,-1),'Normative data'!$Z$2:$AG$2,"Not Found",-1))} -> Incomplete | CU33: {=_xlfn.XLOOKUP(CS33&CT33,(VLOOKUP!$A$3:$A$250)&(VLOOKUP!$B$3:$B$250),VLOOKUP!$C$3:$C$250,"Incomplete",-1)} -> Incomplete | CV33: {=_xlfn.XLOOKUP(CU33, _xlfn.XLOOKUP(E33, 'Normative data'!$Y$11:$Y$14, 'Normative data'!$Z$11:$AG$14, ,-1), 'Normative data'!$Z$10:$AG$10, "Not Found", -1)} -> Excellent | CW33: {=IF(OR(ISBLANK(CS33),ISBLANK(CT33)),"Incomplete",_xlfn.XLOOKUP(CS33&CT33,VLOOKUP!$A$4:$A$250&VLOOKUP!$B$4:$B$250,VLOOKUP!$D$4:$D$250,"0"))} -> Incomplete
A34: Rawoot | B34: Amaara | C34: Female | D34: 40708 | F34: 9E | G34: 2026 | I34: 2 | AY34: =IF(OR(ISBLANK(U34), ISBLANK(AQ34)), "Incomplete", (60.7*AQ34)+(45.3*U34)-2055) -> Incomplete | BA34: =IF(OR(ISBLANK(U34), ISBLANK(AS34)), "Incomplete", (60.7*AS34)+(45.3*U34)-2055) -> Incomplete | BC34: =IF(OR(ISBLANK(U34), ISBLANK(AU34)), "Incomplete", (60.7*AU34)+(45.3*U34)-2055) -> Incomplete | BE34: =IF(OR(ISBLANK(U34), ISBLANK(AW34)), "Incomplete", (60.7*AW34)+(45.3*U34)-2055) -> Incomplete | BG34: 25 | BH34: 61 | BI34: =IF(OR(ISBLANK(BG34), ISBLANK(BH34)),"Incomplete",(SUM(BH34-BG34))) -> 36 | BK34: 5 | BM34: 6.5 | BO34: 45.7 | BP34: 45.7 | BQ34: 70 | BR34: 63 | BS34: 66 | BT34: 73 | BU34: 73 | BV34: 75 | BW34: =IFERROR(SUM(BQ34+BR34+BS34)/(3*(T34-S34))*100, "Incomplete") -> Incomplete | BX34: =_xlfn.XLOOKUP(BW34,'Normative data'!$V$3:$V$6,'Normative data'!$W$3:$W$6,"Not Found",-1) -> Very low risk | BY34: =IFERROR(SUM(BT34+BU34+BV34)/(3*(T34-S34))*100, "Incomplete") -> Incomplete | BZ34: =_xlfn.XLOOKUP(BY34,'Normative data'!$V$3:$V$6,'Normative data'!$W$3:$W$6,"Not Found",-1) -> Very low risk | CH34: =_xlfn.XLOOKUP(CG34, 'Normative data'!$S$9:$S$15,'Normative data'!$T$9:$T$15, "Not Found", -1) -> not completed | CJ34: =_xlfn.XLOOKUP(CI34, 'Normative data'!$S$9:$S$15, 'Normative data'!$T$9:$T$15, "Not Found", -1) -> not completed | CR34: {=IF(OR(ISBLANK(E34),ISBLANK(CQ34)),"Incomplete",_xlfn.XLOOKUP(CQ34,_xlfn.XLOOKUP(E34,'Normative data'!$Y$3:$Y$6,'Normative data'!$Z$3:$AG$6,,-1),'Normative data'!$Z$2:$AG$2,"Not Found",-1))} -> Incomplete | CU34: {=_xlfn.XLOOKUP(CS34&CT34,(VLOOKUP!$A$3:$A$250)&(VLOOKUP!$B$3:$B$250),VLOOKUP!$C$3:$C$250,"Incomplete",-1)} -> Incomplete | CV34: {=_xlfn.XLOOKUP(CU34, _xlfn.XLOOKUP(E34, 'Normative data'!$Y$11:$Y$14, 'Normative data'!$Z$11:$AG$14, ,-1), 'Normative data'!$Z$10:$AG$10, "Not Found", -1)} -> Excellent | CW34: {=IF(OR(ISBLANK(CS34),ISBLANK(CT34)),"Incomplete",_xlfn.XLOOKUP(CS34&CT34,VLOOKUP!$A$4:$A$250&VLOOKUP!$B$4:$B$250,VLOOKUP!$D$4:$D$250,"0"))} -> Incomplete
A35: Emeran | B35: Amaarah | C35: Female | F35: 10D | G35: 2026 | I35: 2 | S35: 82.3 | T35: 161.1 | AY35: =IF(OR(ISBLANK(U35), ISBLANK(AQ35)), "Incomplete", (60.7*AQ35)+(45.3*U35)-2055) -> Incomplete | BA35: =IF(OR(ISBLANK(U35), ISBLANK(AS35)), "Incomplete", (60.7*AS35)+(45.3*U35)-2055) -> Incomplete | BC35: =IF(OR(ISBLANK(U35), ISBLANK(AU35)), "Incomplete", (60.7*AU35)+(45.3*U35)-2055) -> Incomplete | BE35: =IF(OR(ISBLANK(U35), ISBLANK(AW35)), "Incomplete", (60.7*AW35)+(45.3*U35)-2055) -> Incomplete | BG35: 17 | BH35: 50 | BI35: =IF(OR(ISBLANK(BG35), ISBLANK(BH35)),"Incomplete",(SUM(BH35-BG35))) -> 33 | BW35: =IFERROR(SUM(BQ35+BR35+BS35)/(3*(T35-S35))*100, "Incomplete") -> 0 | BX35: =_xlfn.XLOOKUP(BW35,'Normative data'!$V$3:$V$6,'Normative data'!$W$3:$W$6,"Not Found",-1) -> Not completed | BY35: =IFERROR(SUM(BT35+BU35+BV35)/(3*(T35-S35))*100, "Incomplete") -> 0 | BZ35: =_xlfn.XLOOKUP(BY35,'Normative data'!$V$3:$V$6,'Normative data'!$W$3:$W$6,"Not Found",-1) -> Not completed | CH35: =_xlfn.XLOOKUP(CG35, 'Normative data'!$S$9:$S$15,'Normative data'!$T$9:$T$15, "Not Found", -1) -> not completed | CJ35: =_xlfn.XLOOKUP(CI35, 'Normative data'!$S$9:$S$15, 'Normative data'!$T$9:$T$15, "Not Found", -1) -> not completed | CQ35: 2.7 | CR35: {=IF(OR(ISBLANK(E35),ISBLANK(CQ35)),"Incomplete",_xlfn.XLOOKUP(CQ35,_xlfn.XLOOKUP(E35,'Normative data'!$Y$3:$Y$6,'Normative data'!$Z$3:$AG$6,,-1),'Normative data'!$Z$2:$AG$2,"Not Found",-1))} -> Incomplete | CS35: 2 | CT35: 7 | CU35: {=_xlfn.XLOOKUP(CS35&CT35,(VLOOKUP!$A$3:$A$250)&(VLOOKUP!$B$3:$B$250),VLOOKUP!$C$3:$C$250,"Incomplete",-1)} -> 280 | CV35: {=_xlfn.XLOOKUP(CU35, _xlfn.XLOOKUP(E35, 'Normative data'!$Y$11:$Y$14, 'Normative data'!$Z$11:$AG$14, ,-1), 'Normative data'!$Z$10:$AG$10, "Not Found", -1)} -> Very poor | CW35: {=IF(OR(ISBLANK(CS35),ISBLANK(CT35)),"Incomplete",_xlfn.XLOOKUP(CS35&CT35,VLOOKUP!$A$4:$A$250&VLOOKUP!$B$4:$B$250,VLOOKUP!$D$4:$D$250,"0"))} -> 22
A36: Mohamed | B36: Amarah | C36: Female | F36: 11I | G36: 2026 | I36: 2 | AY36: =IF(OR(ISBLANK(U36), ISBLANK(AQ36)), "Incomplete", (60.7*AQ36)+(45.3*U36)-2055) -> Incomplete | BA36: =IF(OR(ISBLANK(U36), ISBLANK(AS36)), "Incomplete", (60.7*AS36)+(45.3*U36)-2055) -> Incomplete | BC36: =IF(OR(ISBLANK(U36), ISBLANK(AU36)), "Incomplete", (60.7*AU36)+(45.3*U36)-2055) -> Incomplete | BE36: =IF(OR(ISBLANK(U36), ISBLANK(AW36)), "Incomplete", (60.7*AW36)+(45.3*U36)-2055) -> Incomplete | BI36: =IF(OR(ISBLANK(BG36), ISBLANK(BH36)),"Incomplete",(SUM(BH36-BG36))) -> Incomplete | BW36: =IFERROR(SUM(BQ36+BR36+BS36)/(3*(T36-S36))*100, "Incomplete") -> Incomplete | BX36: =_xlfn.XLOOKUP(BW36,'Normative data'!$V$3:$V$6,'Normative data'!$W$3:$W$6,"Not Found",-1) -> Very low risk | BY36: =IFERROR(SUM(BT36+BU36+BV36)/(3*(T36-S36))*100, "Incomplete") -> Incomplete | BZ36: =_xlfn.XLOOKUP(BY36,'Normative data'!$V$3:$V$6,'Normative data'!$W$3:$W$6,"Not Found",-1) -> Very low risk | CA36: 30 | CE36: 7 | CH36: =_xlfn.XLOOKUP(CG36, 'Normative data'!$S$9:$S$15,'Normative data'!$T$9:$T$15, "Not Found", -1) -> not completed | CJ36: =_xlfn.XLOOKUP(CI36, 'Normative data'!$S$9:$S$15, 'Normative data'!$T$9:$T$15, "Not Found", -1) -> not completed | CK36: 2.38 | CL36: 4.2 | CN36: 7.24 | CO36: 6.91 | CR36: {=IF(OR(ISBLANK(E36),ISBLANK(CQ36)),"Incomplete",_xlfn.XLOOKUP(CQ36,_xlfn.XLOOKUP(E36,'Normative data'!$Y$3:$Y$6,'Normative data'!$Z$3:$AG$6,,-1),'Normative data'!$Z$2:$AG$2,"Not Found",-1))} -> Incomplete | CU36: {=_xlfn.XLOOKUP(CS36&CT36,(VLOOKUP!$A$3:$A$250)&(VLOOKUP!$B$3:$B$250),VLOOKUP!$C$3:$C$250,"Incomplete",-1)} -> Incomplete | CV36: {=_xlfn.XLOOKUP(CU36, _xlfn.XLOOKUP(E36, 'Normative data'!$Y$11:$Y$14, 'Normative data'!$Z$11:$AG$14, ,-1), 'Normative data'!$Z$10:$AG$10, "Not Found", -1)} -> Excellent | CW36: {=IF(OR(ISBLANK(CS36),ISBLANK(CT36)),"Incomplete",_xlfn.XLOOKUP(CS36&CT36,VLOOKUP!$A$4:$A$250&VLOOKUP!$B$4:$B$250,VLOOKUP!$D$4:$D$250,"0"))} -> Incomplete
A37: Mandy-Woodcock | B37: Amelia | C37: Female | D37: 41078 | E37: 13.8 | F37: 8A | G37: 2026 | I37: 2 | J37: Netball | K37: U/14 E | S37: 85.8 | T37: 164.4 | U37: 47.5 | V37: 27.7 | W37: 9.7 | X37: 37.8 | Y37: 20.4 | Z37: 17.7 | AA37: 20.4 | AB37: 5.74 | AC37: 104.6 | AD37: 5.77 | AE37: 105.2 | AF37: 1.6 | AG37: 65.3 | AH37: 1.6 | AI37: 65.5 | AJ37: 354.3 | AK37: 350.7 | AL37: 317.6 | AM37: 314.3 | AN37: 93 | AO37: 0.84 | AP37: 5.5 | AQ37: 23.1 | AR37: 0.434 | AS37: 18.7 | AT37: 0.391 | AU37: 9.7 | AV37: 0.282 | AW37: 14.3 | AX37: 0.342 | AY37: =IF(OR(ISBLANK(U37), ISBLANK(AQ37)), "Incomplete", (60.7*AQ37)+(45.3*U37)-2055) -> 1498.92 | BA37: =IF(OR(ISBLANK(U37), ISBLANK(AS37)), "Incomplete", (60.7*AS37)+(45.3*U37)-2055) -> 1231.84 | BC37: =IF(OR(ISBLANK(U37), ISBLANK(AU37)), "Incomplete", (60.7*AU37)+(45.3*U37)-2055) -> 685.54 | BE37: =IF(OR(ISBLANK(U37), ISBLANK(AW37)), "Incomplete", (60.7*AW37)+(45.3*U37)-2055) -> 964.76 | BG37: 14 | BH37: 42.8 | BI37: =IF(OR(ISBLANK(BG37), ISBLANK(BH37)),"Incomplete",(SUM(BH37-BG37))) -> 28.8 | BK37: 5 | BM37: 6 | BO37: 41 | BP37: 45 | BQ37: 81 | BR37: 86 | BS37: 70 | BT37: 74 | BU37: 78 | BV37: 68 | BW37: =IFERROR(SUM(BQ37+BR37+BS37)/(3*(T37-S37))*100, "Incomplete") -> 100.50891 | BX37: =_xlfn.XLOOKUP(BW37,'Normative data'!$V$3:$V$6,'Normative data'!$W$3:$W$6,"Not Found",-1) -> Low risk | BY37: =IFERROR(SUM(BT37+BU37+BV37)/(3*(T37-S37))*100, "Incomplete") -> 93.299406 | BZ37: =_xlfn.XLOOKUP(BY37,'Normative data'!$V$3:$V$6,'Normative data'!$W$3:$W$6,"Not Found",-1) -> High risk | CA37: 24 | CE37: 11 | CG37: 19.97 | CH37: =_xlfn.XLOOKUP(CG37, 'Normative data'!$S$9:$S$15,'Normative data'!$T$9:$T$15, "Not Found", -1) -> Average | CI37: 19.09 | CJ37: =_xlfn.XLOOKUP(CI37, 'Normative data'!$S$9:$S$15, 'Normative data'!$T$9:$T$15, "Not Found", -1) -> Average | CK37: 2.18 | CL37: 4.59 | CN37: 7.08 | CO37: 7.06 | CR37: {=IF(OR(ISBLANK(E37),ISBLANK(CQ37)),"Incomplete",_xlfn.XLOOKUP(CQ37,_xlfn.XLOOKUP(E37,'Normative data'!$Y$3:$Y$6,'Normative data'!$Z$3:$AG$6,,-1),'Normative data'!$Z$2:$AG$2,"Not Found",-1))} -> Incomplete | CU37: {=_xlfn.XLOOKUP(CS37&CT37,(VLOOKUP!$A$3:$A$250)&(VLOOKUP!$B$3:$B$250),VLOOKUP!$C$3:$C$250,"Incomplete",-1)} -> Incomplete | CV37: {=_xlfn.XLOOKUP(CU37, _xlfn.XLOOKUP(E37, 'Normative data'!$Y$11:$Y$14, 'Normative data'!$Z$11:$AG$14, ,-1), 'Normative data'!$Z$10:$AG$10, "Not Found", -1)} -> Excellent | CW37: {=IF(OR(ISBLANK(CS37),ISBLANK(CT37)),"Incomplete",_xlfn.XLOOKUP(CS37&CT37,VLOOKUP!$A$4:$A$250&VLOOKUP!$B$4:$B$250,VLOOKUP!$D$4:$D$250,"0"))} -> Incomplete
A38: Weir | B38: Amelia | C38: Female | D38: 40287 | E38: 15.9 | F38: 10P | G38: 2026 | I38: 2 | S38: 83.9 | T38: 163.6 | U38: 59.2 | V38: 29.8 | W38: 18.3 | X38: 40.9 | Y38: 22.2 | Z38: 22 | AA38: 30.9 | AB38: 6.25 | AC38: 92.8 | AD38: 6.24 | AE38: 92.6 | AF38: 2.9 | AG38: 116.3 | AH38: 2.9 | AI38: 115.7 | AJ38: 353.2 | AK38: 353.9 | AL38: 308.6 | AM38: 311.7 | AN38: 95 | AO38: 0.87 | AP38: 6.1 | AY38: =IF(OR(ISBLANK(U38), ISBLANK(AQ38)), "Incomplete", (60.7*AQ38)+(45.3*U38)-2055) -> Incomplete | BA38: =IF(OR(ISBLANK(U38), ISBLANK(AS38)), "Incomplete", (60.7*AS38)+(45.3*U38)-2055) -> Incomplete | BC38: =IF(OR(ISBLANK(U38), ISBLANK(AU38)), "Incomplete", (60.7*AU38)+(45.3*U38)-2055) -> Incomplete | BE38: =IF(OR(ISBLANK(U38), ISBLANK(AW38)), "Incomplete", (60.7*AW38)+(45.3*U38)-2055) -> Incomplete | BI38: =IF(OR(ISBLANK(BG38), ISBLANK(BH38)),"Incomplete",(SUM(BH38-BG38))) -> Incomplete | BK38: 15.3 | BM38: 15 | BW38: =IFERROR(SUM(BQ38+BR38+BS38)/(3*(T38-S38))*100, "Incomplete") -> 0 | BX38: =_xlfn.XLOOKUP(BW38,'Normative data'!$V$3:$V$6,'Normative data'!$W$3:$W$6,"Not Found",-1) -> Not completed | BY38: =IFERROR(SUM(BT38+BU38+BV38)/(3*(T38-S38))*100, "Incomplete") -> 0 | BZ38: =_xlfn.XLOOKUP(BY38,'Normative data'!$V$3:$V$6,'Normative data'!$W$3:$W$6,"Not Found",-1) -> Not completed | CE38: 10 | CG38: 19.7 | CH38: =_xlfn.XLOOKUP(CG38, 'Normative data'!$S$9:$S$15,'Normative data'!$T$9:$T$15, "Not Found", -1) -> Average | CI38: 19.61 | CJ38: =_xlfn.XLOOKUP(CI38, 'Normative data'!$S$9:$S$15, 'Normative data'!$T$9:$T$15, "Not Found", -1) -> Average | CK38: 2.18 | CL38: 4.59 | CN38: 7.15 | CO38: 6.99 | CR38: {=IF(OR(ISBLANK(E38),ISBLANK(CQ38)),"Incomplete",_xlfn.XLOOKUP(CQ38,_xlfn.XLOOKUP(E38,'Normative data'!$Y$3:$Y$6,'Normative data'!$Z$3:$AG$6,,-1),'Normative data'!$Z$2:$AG$2,"Not Found",-1))} -> Incomplete | CU38: {=_xlfn.XLOOKUP(CS38&CT38,(VLOOKUP!$A$3:$A$250)&(VLOOKUP!$B$3:$B$250),VLOOKUP!$C$3:$C$250,"Incomplete",-1)} -> Incomplete | CV38: {=_xlfn.XLOOKUP(CU38, _xlfn.XLOOKUP(E38, 'Normative data'!$Y$11:$Y$14, 'Normative data'!$Z$11:$AG$14, ,-1), 'Normative data'!$Z$10:$AG$10, "Not Found", -1)} -> Excellent | CW38: {=IF(OR(ISBLANK(CS38),ISBLANK(CT38)),"Incomplete",_xlfn.XLOOKUP(CS38&CT38,VLOOKUP!$A$4:$A$250&VLOOKUP!$B$4:$B$250,VLOOKUP!$D$4:$D$250,"0"))} -> Incomplete
A39: Schoepflin | B39: Amelie | C39: Female | D39: 41108 | E39: 13.8 | F39: 8D | G39: 2026 | I39: 2 | J39: Hockey | K39: U/14 A | S39: 83.1 | T39: 164.6 | U39: 65.6 | V39: 33 | W39: 20.3 | X39: 45.3 | Y39: 25.2 | Z39: 24.2 | AA39: 30.9 | AB39: 7.06 | AC39: 101 | AD39: 7.1 | AE39: 101.6 | AF39: 3.1 | AG39: 125.3 | AH39: 3.1 | AI39: 124.9 | AJ39: 331.3 | AK39: 325.2 | AL39: 284.8 | AM39: 281.4 | AN39: 90 | AP39: 6.9 | AY39: =IF(OR(ISBLANK(U39), ISBLANK(AQ39)), "Incomplete", (60.7*AQ39)+(45.3*U39)-2055) -> Incomplete | BA39: =IF(OR(ISBLANK(U39), ISBLANK(AS39)), "Incomplete", (60.7*AS39)+(45.3*U39)-2055) -> Incomplete | BC39: =IF(OR(ISBLANK(U39), ISBLANK(AU39)), "Incomplete", (60.7*AU39)+(45.3*U39)-2055) -> Incomplete | BE39: =IF(OR(ISBLANK(U39), ISBLANK(AW39)), "Incomplete", (60.7*AW39)+(45.3*U39)-2055) -> Incomplete | BH39: 22 | BI39: =IF(OR(ISBLANK(BG39), ISBLANK(BH39)),"Incomplete",(SUM(BH39-BG39))) -> Incomplete | BK39: 4 | BM39: 3 | BO39: 48.8 | BP39: 51.5 | BQ39: 70 | BR39: 79 | BS39: 70 | BT39: 73 | BU39: 70 | BV39: 66 | BW39: =IFERROR(SUM(BQ39+BR39+BS39)/(3*(T39-S39))*100, "Incomplete") -> 89.570552 | BX39: =_xlfn.XLOOKUP(BW39,'Normative data'!$V$3:$V$6,'Normative data'!$W$3:$W$6,"Not Found",-1) -> High risk | BY39: =IFERROR(SUM(BT39+BU39+BV39)/(3*(T39-S39))*100, "Incomplete") -> 85.480573 | BZ39: =_xlfn.XLOOKUP(BY39,'Normative data'!$V$3:$V$6,'Normative data'!$W$3:$W$6,"Not Found",-1) -> High risk | CA39: 35 | CE39: 18 | CH39: =_xlfn.XLOOKUP(CG39, 'Normative data'!$S$9:$S$15,'Normative data'!$T$9:$T$15, "Not Found", -1) -> not completed | CJ39: =_xlfn.XLOOKUP(CI39, 'Normative data'!$S$9:$S$15, 'Normative data'!$T$9:$T$15, "Not Found", -1) -> not completed | CK39: 2.14 | CL39: 4.67 | CN39: 6.71 | CO39: 7.41 | CR39: {=IF(OR(ISBLANK(E39),ISBLANK(CQ39)),"Incomplete",_xlfn.XLOOKUP(CQ39,_xlfn.XLOOKUP(E39,'Normative data'!$Y$3:$Y$6,'Normative data'!$Z$3:$AG$6,,-1),'Normative data'!$Z$2:$AG$2,"Not Found",-1))} -> Incomplete | CU39: {=_xlfn.XLOOKUP(CS39&CT39,(VLOOKUP!$A$3:$A$250)&(VLOOKUP!$B$3:$B$250),VLOOKUP!$C$3:$C$250,"Incomplete",-1)} -> Incomplete | CV39: {=_xlfn.XLOOKUP(CU39, _xlfn.XLOOKUP(E39, 'Normative data'!$Y$11:$Y$14, 'Normative data'!$Z$11:$AG$14, ,-1), 'Normative data'!$Z$10:$AG$10, "Not Found", -1)} -> Excellent | CW39: {=IF(OR(ISBLANK(CS39),ISBLANK(CT39)),"Incomplete",_xlfn.XLOOKUP(CS39&CT39,VLOOKUP!$A$4:$A$250&VLOOKUP!$B$4:$B$250,VLOOKUP!$D$4:$D$250,"0"))} -> Incomplete
A40: Hardres-Williams | B40: Amélie | C40: Female | D40: 40731 | E40: 14.8 | F40: 9E | G40: 2026 | I40: 2 | J40: Hockey | K40: U/16 D | S40: 85.1 | T40: 169.2 | U40: 57.3 | V40: 35.4 | W40: 8.9 | X40: 48.4 | Y40: 26.5 | Z40: 20 | AA40: 15.6 | AB40: 7.36 | AC40: 111.1 | AD40: 7.46 | AE40: 112.7 | AF40: 1.5 | AG40: 56.4 | AH40: 1.5 | AI40: 56.9 | AJ40: 264.5 | AK40: 256.4 | AL40: 237.4 | AM40: 228.8 | AN40: 108 | AO40: 0.79 | AP40: 6.8 | AQ40: 21.1 | AR40: 0.415 | AS40: 20.8 | AT40: 0.412 | AU40: 10.9 | AV40: 0.298 | AW40: 10.7 | AX40: 0.295 | AY40: =IF(OR(ISBLANK(U40), ISBLANK(AQ40)), "Incomplete", (60.7*AQ40)+(45.3*U40)-2055) -> 1821.46 | BA40: =IF(OR(ISBLANK(U40), ISBLANK(AS40)), "Incomplete", (60.7*AS40)+(45.3*U40)-2055) -> 1803.25 | BC40: =IF(OR(ISBLANK(U40), ISBLANK(AU40)), "Incomplete", (60.7*AU40)+(45.3*U40)-2055) -> 1202.32 | BE40: =IF(OR(ISBLANK(U40), ISBLANK(AW40)), "Incomplete", (60.7*AW40)+(45.3*U40)-2055) -> 1190.18 | BG40: 12.9 | BH40: 39.1 | BI40: =IF(OR(ISBLANK(BG40), ISBLANK(BH40)),"Incomplete",(SUM(BH40-BG40))) -> 26.2 | BK40: 11.5 | BM40: 9 | BO40: 47.6 | BP40: 44.5 | BQ40: 82 | BR40: 82 | BS40: 83 | BT40: 83 | BU40: 90 | BV40: 90 | BW40: =IFERROR(SUM(BQ40+BR40+BS40)/(3*(T40-S40))*100, "Incomplete") -> 97.899326 | BX40: =_xlfn.XLOOKUP(BW40,'Normative data'!$V$3:$V$6,'Normative data'!$W$3:$W$6,"Not Found",-1) -> Low risk | BY40: =IFERROR(SUM(BT40+BU40+BV40)/(3*(T40-S40))*100, "Incomplete") -> 104.24098 | BZ40: =_xlfn.XLOOKUP(BY40,'Normative data'!$V$3:$V$6,'Normative data'!$W$3:$W$6,"Not Found",-1) -> Low risk | CA40: 30 | CE40: 12 | CH40: =_xlfn.XLOOKUP(CG40, 'Normative data'!$S$9:$S$15,'Normative data'!$T$9:$T$15, "Not Found", -1) -> not completed | CJ40: =_xlfn.XLOOKUP(CI40, 'Normative data'!$S$9:$S$15, 'Normative data'!$T$9:$T$15, "Not Found", -1) -> not completed | CK40: 2.36 | CL40: 4.24 | CN40: 7.26 | CO40: 6.89 | CR40: {=IF(OR(ISBLANK(E40),ISBLANK(CQ40)),"Incomplete",_xlfn.XLOOKUP(CQ40,_xlfn.XLOOKUP(E40,'Normative data'!$Y$3:$Y$6,'Normative data'!$Z$3:$AG$6,,-1),'Normative data'!$Z$2:$AG$2,"Not Found",-1))} -> Incomplete | CU40: {=_xlfn.XLOOKUP(CS40&CT40,(VLOOKUP!$A$3:$A$250)&(VLOOKUP!$B$3:$B$250),VLOOKUP!$C$3:$C$250,"Incomplete",-1)} -> Incomplete | CV40: {=_xlfn.XLOOKUP(CU40, _xlfn.XLOOKUP(E40, 'Normative data'!$Y$11:$Y$14, 'Normative data'!$Z$11:$AG$14, ,-1), 'Normative data'!$Z$10:$AG$10, "Not Found", -1)} -> Excellent | CW40: {=IF(OR(ISBLANK(CS40),ISBLANK(CT40)),"Incomplete",_xlfn.XLOOKUP(CS40&CT40,VLOOKUP!$A$4:$A$250&VLOOKUP!$B$4:$B$250,VLOOKUP!$D$4:$D$250,"0"))} -> Incomplete
A41: Adams | B41: Amy | C41: Female | F41: 10D | G41: 2026 | I41: 2 | S41: 77.1 | T41: 158.2 | AY41: =IF(OR(ISBLANK(U41), ISBLANK(AQ41)), "Incomplete", (60.7*AQ41)+(45.3*U41)-2055) -> Incomplete | BA41: =IF(OR(ISBLANK(U41), ISBLANK(AS41)), "Incomplete", (60.7*AS41)+(45.3*U41)-2055) -> Incomplete | BC41: =IF(OR(ISBLANK(U41), ISBLANK(AU41)), "Incomplete", (60.7*AU41)+(45.3*U41)-2055) -> Incomplete | BE41: =IF(OR(ISBLANK(U41), ISBLANK(AW41)), "Incomplete", (60.7*AW41)+(45.3*U41)-2055) -> Incomplete | BG41: 10.4 | BH41: 30.9 | BI41: =IF(OR(ISBLANK(BG41), ISBLANK(BH41)),"Incomplete",(SUM(BH41-BG41))) -> 20.5 | BQ41: 72 | BR41: 82 | BS41: 68 | BT41: 72 | BU41: 76 | BV41: 68 | BW41: =IFERROR(SUM(BQ41+BR41+BS41)/(3*(T41-S41))*100, "Incomplete") -> 91.245376 | BX41: =_xlfn.XLOOKUP(BW41,'Normative data'!$V$3:$V$6,'Normative data'!$W$3:$W$6,"Not Found",-1) -> High risk | BY41: =IFERROR(SUM(BT41+BU41+BV41)/(3*(T41-S41))*100, "Incomplete") -> 88.779285 | BZ41: =_xlfn.XLOOKUP(BY41,'Normative data'!$V$3:$V$6,'Normative data'!$W$3:$W$6,"Not Found",-1) -> High risk | CA41: 26 | CE41: 16 | CG41: 17.6 | CH41: =_xlfn.XLOOKUP(CG41, 'Normative data'!$S$9:$S$15,'Normative data'!$T$9:$T$15, "Not Found", -1) -> Above Average | CI41: 17.64 | CJ41: =_xlfn.XLOOKUP(CI41, 'Normative data'!$S$9:$S$15, 'Normative data'!$T$9:$T$15, "Not Found", -1) -> Above Average | CK41: 2.13 | CL41: 4.69 | CN41: 6.46 | CO41: 7.74 | CQ41: 5.3 | CR41: {=IF(OR(ISBLANK(E41),ISBLANK(CQ41)),"Incomplete",_xlfn.XLOOKUP(CQ41,_xlfn.XLOOKUP(E41,'Normative data'!$Y$3:$Y$6,'Normative data'!$Z$3:$AG$6,,-1),'Normative data'!$Z$2:$AG$2,"Not Found",-1))} -> Incomplete | CS41: 5 | CT41: 3 | CU41: {=_xlfn.XLOOKUP(CS41&CT41,(VLOOKUP!$A$3:$A$250)&(VLOOKUP!$B$3:$B$250),VLOOKUP!$C$3:$C$250,"Incomplete",-1)} -> 700 | CV41: {=_xlfn.XLOOKUP(CU41, _xlfn.XLOOKUP(E41, 'Normative data'!$Y$11:$Y$14, 'Normative data'!$Z$11:$AG$14, ,-1), 'Normative data'!$Z$10:$AG$10, "Not Found", -1)} -> Poor | CW41: {=IF(OR(ISBLANK(CS41),ISBLANK(CT41)),"Incomplete",_xlfn.XLOOKUP(CS41&CT41,VLOOKUP!$A$4:$A$250&VLOOKUP!$B$4:$B$250,VLOOKUP!$D$4:$D$250,"0"))} -> 31
A42: Combrink | B42: Amy | C42: Female | F42: 11D | G42: 2026 | I42: 2 | AY42: =IF(OR(ISBLANK(U42), ISBLANK(AQ42)), "Incomplete", (60.7*AQ42)+(45.3*U42)-2055) -> Incomplete | BA42: =IF(OR(ISBLANK(U42), ISBLANK(AS42)), "Incomplete", (60.7*AS42)+(45.3*U42)-2055) -> Incomplete | BC42: =IF(OR(ISBLANK(U42), ISBLANK(AU42)), "Incomplete", (60.7*AU42)+(45.3*U42)-2055) -> Incomplete | BE42: =IF(OR(ISBLANK(U42), ISBLANK(AW42)), "Incomplete", (60.7*AW42)+(45.3*U42)-2055) -> Incomplete | BI42: =IF(OR(ISBLANK(BG42), ISBLANK(BH42)),"Incomplete",(SUM(BH42-BG42))) -> Incomplete | BK42: 7 | BM42: 8 | BO42: 58 | BP42: 59 | BQ42: 71 | BR42: 86 | BS42: 85 | BT42: 70 | BU42: 80 | BV42: 83 | BW42: =IFERROR(SUM(BQ42+BR42+BS42)/(3*(T42-S42))*100, "Incomplete") -> Incomplete | BX42: =_xlfn.XLOOKUP(BW42,'Normative data'!$V$3:$V$6,'Normative data'!$W$3:$W$6,"Not Found",-1) -> Very low risk | BY42: =IFERROR(SUM(BT42+BU42+BV42)/(3*(T42-S42))*100, "Incomplete") -> Incomplete | BZ42: =_xlfn.XLOOKUP(BY42,'Normative data'!$V$3:$V$6,'Normative data'!$W$3:$W$6,"Not Found",-1) -> Very low risk | CA42: 35 | CE42: 36 | CH42: =_xlfn.XLOOKUP(CG42, 'Normative data'!$S$9:$S$15,'Normative data'!$T$9:$T$15, "Not Found", -1) -> not completed | CJ42: =_xlfn.XLOOKUP(CI42, 'Normative data'!$S$9:$S$15, 'Normative data'!$T$9:$T$15, "Not Found", -1) -> not completed | CQ42: 2.7 | CR42: {=IF(OR(ISBLANK(E42),ISBLANK(CQ42)),"Incomplete",_xlfn.XLOOKUP(CQ42,_xlfn.XLOOKUP(E42,'Normative data'!$Y$3:$Y$6,'Normative data'!$Z$3:$AG$6,,-1),'Normative data'!$Z$2:$AG$2,"Not Found",-1))} -> Incomplete | CS42: 2 | CT42: 7 | CU42: {=_xlfn.XLOOKUP(CS42&CT42,(VLOOKUP!$A$3:$A$250)&(VLOOKUP!$B$3:$B$250),VLOOKUP!$C$3:$C$250,"Incomplete",-1)} -> 280 | CV42: {=_xlfn.XLOOKUP(CU42, _xlfn.XLOOKUP(E42, 'Normative data'!$Y$11:$Y$14, 'Normative data'!$Z$11:$AG$14, ,-1), 'Normative data'!$Z$10:$AG$10, "Not Found", -1)} -> Very poor | CW42: {=IF(OR(ISBLANK(CS42),ISBLANK(CT42)),"Incomplete",_xlfn.XLOOKUP(CS42&CT42,VLOOKUP!$A$4:$A$250&VLOOKUP!$B$4:$B$250,VLOOKUP!$D$4:$D$250,"0"))} -> 22
A43: Kalis | B43: Amy | C43: Female | D43: 40784 | E43: 14.8 | F43: 9I | G43: 2026 | I43: 2 | J43: Netball | K43: U/15 B | S43: 77.1 | T43: 151.3 | U43: 42.6 | V43: 26.5 | W43: 6.4 | X43: 36.2 | Y43: 19.5 | Z43: 18.6 | AA43: 15 | AB43: 5.14 | AC43: 103.3 | AD43: 5.13 | AE43: 103.1 | AF43: 1.2 | AG43: 74.4 | AH43: 1.2 | AI43: 74.1 | AJ43: 291.5 | AK43: 291.2 | AL43: 257.3 | AM43: 257.9 | AN43: 82 | AO43: 0.77 | AP43: 5.9 | AQ43: 25 | AR43: 0.452 | AS43: 30.4 | AT43: 0.498 | AU43: 13.8 | AV43: 0.335 | AW43: 17.3 | AX43: 0.376 | AY43: =IF(OR(ISBLANK(U43), ISBLANK(AQ43)), "Incomplete", (60.7*AQ43)+(45.3*U43)-2055) -> 1392.28 | BA43: =IF(OR(ISBLANK(U43), ISBLANK(AS43)), "Incomplete", (60.7*AS43)+(45.3*U43)-2055) -> 1720.06 | BC43: =IF(OR(ISBLANK(U43), ISBLANK(AU43)), "Incomplete", (60.7*AU43)+(45.3*U43)-2055) -> 712.44 | BE43: =IF(OR(ISBLANK(U43), ISBLANK(AW43)), "Incomplete", (60.7*AW43)+(45.3*U43)-2055) -> 924.89 | BG43: 17.5 | BH43: 46 | BI43: =IF(OR(ISBLANK(BG43), ISBLANK(BH43)),"Incomplete",(SUM(BH43-BG43))) -> 28.5 | BK43: 10.8 | BM43: 10 | BQ43: 73 | BR43: 74 | BS43: 68 | BT43: 83 | BU43: 76 | BV43: 64 | BW43: =IFERROR(SUM(BQ43+BR43+BS43)/(3*(T43-S43))*100, "Incomplete") -> 96.585804 | BX43: =_xlfn.XLOOKUP(BW43,'Normative data'!$V$3:$V$6,'Normative data'!$W$3:$W$6,"Not Found",-1) -> Low risk | BY43: =IFERROR(SUM(BT43+BU43+BV43)/(3*(T43-S43))*100, "Incomplete") -> 100.17969 | BZ43: =_xlfn.XLOOKUP(BY43,'Normative data'!$V$3:$V$6,'Normative data'!$W$3:$W$6,"Not Found",-1) -> Low risk | CA43: 37 | CE43: 25 | CG43: 18.37 | CH43: =_xlfn.XLOOKUP(CG43, 'Normative data'!$S$9:$S$15,'Normative data'!$T$9:$T$15, "Not Found", -1) -> Average | CI43: 18.5 | CJ43: =_xlfn.XLOOKUP(CI43, 'Normative data'!$S$9:$S$15, 'Normative data'!$T$9:$T$15, "Not Found", -1) -> Average | CK43: 2.12 | CL43: 4.72 | CN43: 6.46 | CO43: 7.74 | CQ43: 4.9 | CR43: {=IF(OR(ISBLANK(E43),ISBLANK(CQ43)),"Incomplete",_xlfn.XLOOKUP(CQ43,_xlfn.XLOOKUP(E43,'Normative data'!$Y$3:$Y$6,'Normative data'!$Z$3:$AG$6,,-1),'Normative data'!$Z$2:$AG$2,"Not Found",-1))} -> Poor | CS43: 4 | CT43: 9 | CU43: {=_xlfn.XLOOKUP(CS43&CT43,(VLOOKUP!$A$3:$A$250)&(VLOOKUP!$B$3:$B$250),VLOOKUP!$C$3:$C$250,"Incomplete",-1)} -> 640 | CV43: {=_xlfn.XLOOKUP(CU43, _xlfn.XLOOKUP(E43, 'Normative data'!$Y$11:$Y$14, 'Normative data'!$Z$11:$AG$14, ,-1), 'Normative data'!$Z$10:$AG$10, "Not Found", -1)} -> Poor | CW43: {=IF(OR(ISBLANK(CS43),ISBLANK(CT43)),"Incomplete",_xlfn.XLOOKUP(CS43&CT43,VLOOKUP!$A$4:$A$250&VLOOKUP!$B$4:$B$250,VLOOKUP!$D$4:$D$250,"0"))} -> 30
A44: Rich | B44: Amy | C44: Female | F44: 8A | G44: 2026 | I44: 2 | J44: Netball | K44: U/14 D | S44: 77.7 | T44: 159.1 | AY44: =IF(OR(ISBLANK(U44), ISBLANK(AQ44)), "Incomplete", (60.7*AQ44)+(45.3*U44)-2055) -> Incomplete | BA44: =IF(OR(ISBLANK(U44), ISBLANK(AS44)), "Incomplete", (60.7*AS44)+(45.3*U44)-2055) -> Incomplete | BC44: =IF(OR(ISBLANK(U44), ISBLANK(AU44)), "Incomplete", (60.7*AU44)+(45.3*U44)-2055) -> Incomplete | BE44: =IF(OR(ISBLANK(U44), ISBLANK(AW44)), "Incomplete", (60.7*AW44)+(45.3*U44)-2055) -> Incomplete | BH44: 47.5 | BI44: =IF(OR(ISBLANK(BG44), ISBLANK(BH44)),"Incomplete",(SUM(BH44-BG44))) -> Incomplete | BK44: 8 | BM44: 8 | BW44: =IFERROR(SUM(BQ44+BR44+BS44)/(3*(T44-S44))*100, "Incomplete") -> 0 | BX44: =_xlfn.XLOOKUP(BW44,'Normative data'!$V$3:$V$6,'Normative data'!$W$3:$W$6,"Not Found",-1) -> Not completed | BY44: =IFERROR(SUM(BT44+BU44+BV44)/(3*(T44-S44))*100, "Incomplete") -> 0 | BZ44: =_xlfn.XLOOKUP(BY44,'Normative data'!$V$3:$V$6,'Normative data'!$W$3:$W$6,"Not Found",-1) -> Not completed | CA44: 32 | CE44: 25 | CG44: 19.36 | CH44: =_xlfn.XLOOKUP(CG44, 'Normative data'!$S$9:$S$15,'Normative data'!$T$9:$T$15, "Not Found", -1) -> Average | CI44: 19.41 | CJ44: =_xlfn.XLOOKUP(CI44, 'Normative data'!$S$9:$S$15, 'Normative data'!$T$9:$T$15, "Not Found", -1) -> Average | CK44: 2.51 | CL44: 3.98 | CN44: 7.52 | CO44: 6.65 | CR44: {=IF(OR(ISBLANK(E44),ISBLANK(CQ44)),"Incomplete",_xlfn.XLOOKUP(CQ44,_xlfn.XLOOKUP(E44,'Normative data'!$Y$3:$Y$6,'Normative data'!$Z$3:$AG$6,,-1),'Normative data'!$Z$2:$AG$2,"Not Found",-1))} -> Incomplete | CU44: {=_xlfn.XLOOKUP(CS44&CT44,(VLOOKUP!$A$3:$A$250)&(VLOOKUP!$B$3:$B$250),VLOOKUP!$C$3:$C$250,"Incomplete",-1)} -> Incomplete | CV44: {=_xlfn.XLOOKUP(CU44, _xlfn.XLOOKUP(E44, 'Normative data'!$Y$11:$Y$14, 'Normative data'!$Z$11:$AG$14, ,-1), 'Normative data'!$Z$10:$AG$10, "Not Found", -1)} -> Excellent | CW44: {=IF(OR(ISBLANK(CS44),ISBLANK(CT44)),"Incomplete",_xlfn.XLOOKUP(CS44&CT44,VLOOKUP!$A$4:$A$250&VLOOKUP!$B$4:$B$250,VLOOKUP!$D$4:$D$250,"0"))} -> Incomplete
A45: Butler | B45: Anastacia | C45: Female | D45: 39784 | E45: 18.3 | F45: 12 | G45: 2026 | I45: 2 | J45: Netball | K45: 2nd | S45: 85.3 | T45: 158 | U45: 52.8 | V45: 32.8 | W45: 7.8 | X45: 45 | Y45: 25.2 | Z45: 21.2 | AA45: 14.7 | AB45: 6.93 | AC45: 114.1 | AD45: 6.93 | AE45: 114.1 | AF45: 1.4 | AG45: 64.6 | AH45: 1.4 | AI45: 64.5 | AJ45: 276.9 | AK45: 275.9 | AL45: 235.5 | AM45: 233.7 | AN45: 85 | AO45: 0.75 | AP45: 7.3 | AQ45: 37.2 | AR45: 0.551 | AS45: 43.4 | AT45: 0.595 | AU45: 20.6 | AV45: 0.41 | AW45: 19.8 | AX45: 0.402 | AY45: =IF(OR(ISBLANK(U45), ISBLANK(AQ45)), "Incomplete", (60.7*AQ45)+(45.3*U45)-2055) -> 2594.88 | BA45: =IF(OR(ISBLANK(U45), ISBLANK(AS45)), "Incomplete", (60.7*AS45)+(45.3*U45)-2055) -> 2971.22 | BC45: =IF(OR(ISBLANK(U45), ISBLANK(AU45)), "Incomplete", (60.7*AU45)+(45.3*U45)-2055) -> 1587.26 | BE45: =IF(OR(ISBLANK(U45), ISBLANK(AW45)), "Incomplete", (60.7*AW45)+(45.3*U45)-2055) -> 1538.7 | BG45: 23.5 | BH45: 68.5 | BI45: =IF(OR(ISBLANK(BG45), ISBLANK(BH45)),"Incomplete",(SUM(BH45-BG45))) -> 45 | BK45: 12 | BM45: 10 | BO45: 49.5 | BP45: 48 | BQ45: 79 | BR45: 87 | BS45: 88 | BT45: 80 | BU45: 78 | BV45: 95 | BW45: =IFERROR(SUM(BQ45+BR45+BS45)/(3*(T45-S45))*100, "Incomplete") -> 116.46034 | BX45: =_xlfn.XLOOKUP(BW45,'Normative data'!$V$3:$V$6,'Normative data'!$W$3:$W$6,"Not Found",-1) -> Low risk | BY45: =IFERROR(SUM(BT45+BU45+BV45)/(3*(T45-S45))*100, "Incomplete") -> 116.00183 | BZ45: =_xlfn.XLOOKUP(BY45,'Normative data'!$V$3:$V$6,'Normative data'!$W$3:$W$6,"Not Found",-1) -> Low risk | CA45: 37 | CE45: 24 | CH45: =_xlfn.XLOOKUP(CG45, 'Normative data'!$S$9:$S$15,'Normative data'!$T$9:$T$15, "Not Found", -1) -> not completed | CJ45: =_xlfn.XLOOKUP(CI45, 'Normative data'!$S$9:$S$15, 'Normative data'!$T$9:$T$15, "Not Found", -1) -> not completed | CQ45: 8.11 | CR45: {=IF(OR(ISBLANK(E45),ISBLANK(CQ45)),"Incomplete",_xlfn.XLOOKUP(CQ45,_xlfn.XLOOKUP(E45,'Normative data'!$Y$3:$Y$6,'Normative data'!$Z$3:$AG$6,,-1),'Normative data'!$Z$2:$AG$2,"Not Found",-1))} -> Average | CS45: 8 | CT45: 11 | CU45: {=_xlfn.XLOOKUP(CS45&CT45,(VLOOKUP!$A$3:$A$250)&(VLOOKUP!$B$3:$B$250),VLOOKUP!$C$3:$C$250,"Incomplete",-1)} -> 1440 | CV45: {=_xlfn.XLOOKUP(CU45, _xlfn.XLOOKUP(E45, 'Normative data'!$Y$11:$Y$14, 'Normative data'!$Z$11:$AG$14, ,-1), 'Normative data'!$Z$10:$AG$10, "Not Found", -1)} -> Average | CW45: {=IF(OR(ISBLANK(CS45),ISBLANK(CT45)),"Incomplete",_xlfn.XLOOKUP(CS45&CT45,VLOOKUP!$A$4:$A$250&VLOOKUP!$B$4:$B$250,VLOOKUP!$D$4:$D$250,"0"))} -> 44
A46: Tess | B46: Anderson | C46: Female | D46: 39474 | F46: 11 | G46: 2025 | H46: January | I46: 1 | J46: Hockey | P46: Polo | AY46: =IF(OR(ISBLANK(U46), ISBLANK(AQ46)), "Incomplete", (60.7*AQ46)+(45.3*U46)-2055) -> Incomplete | BA46: =IF(OR(ISBLANK(U46), ISBLANK(AS46)), "Incomplete", (60.7*AS46)+(45.3*U46)-2055) -> Incomplete | BC46: =IF(OR(ISBLANK(U46), ISBLANK(AU46)), "Incomplete", (60.7*AU46)+(45.3*U46)-2055) -> Incomplete | BE46: =IF(OR(ISBLANK(U46), ISBLANK(AW46)), "Incomplete", (60.7*AW46)+(45.3*U46)-2055) -> Incomplete | BI46: =IF(OR(ISBLANK(BG46), ISBLANK(BH46)),"Incomplete",(SUM(BH46-BG46))) -> Incomplete | BW46: =IFERROR(SUM(BQ46+BR46+BS46)/(3*(T46-S46))*100, "Incomplete") -> Incomplete | BX46: =_xlfn.XLOOKUP(BW46,'Normative data'!$V$3:$V$6,'Normative data'!$W$3:$W$6,"Not Found",-1) -> Very low risk | BY46: =IFERROR(SUM(BT46+BU46+BV46)/(3*(T46-S46))*100, "Incomplete") -> Incomplete | BZ46: =_xlfn.XLOOKUP(BY46,'Normative data'!$V$3:$V$6,'Normative data'!$W$3:$W$6,"Not Found",-1) -> Very low risk | CH46: =_xlfn.XLOOKUP(CG46, 'Normative data'!$S$9:$S$15,'Normative data'!$T$9:$T$15, "Not Found", -1) -> not completed | CJ46: =_xlfn.XLOOKUP(CI46, 'Normative data'!$S$9:$S$15, 'Normative data'!$T$9:$T$15, "Not Found", -1) -> not completed | CK46: 2.27 | CL46: 4.41 | CN46: 7.12 | CO46: 7.02 | CR46: {=IF(OR(ISBLANK(E46),ISBLANK(CQ46)),"Incomplete",_xlfn.XLOOKUP(CQ46,_xlfn.XLOOKUP(E46,'Normative data'!$Y$3:$Y$6,'Normative data'!$Z$3:$AG$6,,-1),'Normative data'!$Z$2:$AG$2,"Not Found",-1))} -> Incomplete | CU46: {=_xlfn.XLOOKUP(CS46&CT46,(VLOOKUP!$A$3:$A$250)&(VLOOKUP!$B$3:$B$250),VLOOKUP!$C$3:$C$250,"Incomplete",-1)} -> Incomplete | CV46: {=_xlfn.XLOOKUP(CU46, _xlfn.XLOOKUP(E46, 'Normative data'!$Y$11:$Y$14, 'Normative data'!$Z$11:$AG$14, ,-1), 'Normative data'!$Z$10:$AG$10, "Not Found", -1)} -> Excellent | CW46: {=IF(OR(ISBLANK(CS46),ISBLANK(CT46)),"Incomplete",_xlfn.XLOOKUP(CS46&CT46,VLOOKUP!$A$4:$A$250&VLOOKUP!$B$4:$B$250,VLOOKUP!$D$4:$D$250,"0"))} -> Incomplete
A47: Tess | B47: Anderson | C47: Female | F47: 11 | G47: 2025 | H47: August | I47: 3 | J47: Hockey | T47: 174.2 | U47: 64.3 | AY47: =IF(OR(ISBLANK(U47), ISBLANK(AQ47)), "Incomplete", (60.7*AQ47)+(45.3*U47)-2055) -> Incomplete | BA47: =IF(OR(ISBLANK(U47), ISBLANK(AS47)), "Incomplete", (60.7*AS47)+(45.3*U47)-2055) -> Incomplete | BC47: =IF(OR(ISBLANK(U47), ISBLANK(AU47)), "Incomplete", (60.7*AU47)+(45.3*U47)-2055) -> Incomplete | BE47: =IF(OR(ISBLANK(U47), ISBLANK(AW47)), "Incomplete", (60.7*AW47)+(45.3*U47)-2055) -> Incomplete | BI47: =IF(OR(ISBLANK(BG47), ISBLANK(BH47)),"Incomplete",(SUM(BH47-BG47))) -> Incomplete | BW47: =IFERROR(SUM(BQ47+BR47+BS47)/(3*(T47-S47))*100, "Incomplete") -> Incomplete | BX47: =_xlfn.XLOOKUP(BW47,'Normative data'!$V$3:$V$6,'Normative data'!$W$3:$W$6,"Not Found",-1) -> Very low risk | BY47: =IFERROR(SUM(BT47+BU47+BV47)/(3*(T47-S47))*100, "Incomplete") -> Incomplete | BZ47: =_xlfn.XLOOKUP(BY47,'Normative data'!$V$3:$V$6,'Normative data'!$W$3:$W$6,"Not Found",-1) -> Very low risk | CH47: =_xlfn.XLOOKUP(CG47, 'Normative data'!$S$9:$S$15,'Normative data'!$T$9:$T$15, "Not Found", -1) -> not completed | CJ47: =_xlfn.XLOOKUP(CI47, 'Normative data'!$S$9:$S$15, 'Normative data'!$T$9:$T$15, "Not Found", -1) -> not completed | CK47: 2.26 | CL47: 2.18 | CN47: 7.07 | CO47: 2.83 | CR47: {=IF(OR(ISBLANK(E47),ISBLANK(CQ47)),"Incomplete",_xlfn.XLOOKUP(CQ47,_xlfn.XLOOKUP(E47,'Normative data'!$Y$3:$Y$6,'Normative data'!$Z$3:$AG$6,,-1),'Normative data'!$Z$2:$AG$2,"Not Found",-1))} -> Incomplete | CU47: {=_xlfn.XLOOKUP(CS47&CT47,(VLOOKUP!$A$3:$A$250)&(VLOOKUP!$B$3:$B$250),VLOOKUP!$C$3:$C$250,"Incomplete",-1)} -> Incomplete | CV47: {=_xlfn.XLOOKUP(CU47, _xlfn.XLOOKUP(E47, 'Normative data'!$Y$11:$Y$14, 'Normative data'!$Z$11:$AG$14, ,-1), 'Normative data'!$Z$10:$AG$10, "Not Found", -1)} -> Excellent | CW47: {=IF(OR(ISBLANK(CS47),ISBLANK(CT47)),"Incomplete",_xlfn.XLOOKUP(CS47&CT47,VLOOKUP!$A$4:$A$250&VLOOKUP!$B$4:$B$250,VLOOKUP!$D$4:$D$250,"0"))} -> Incomplete
A48: Tess | B48: Anderson | C48: Female | G48: 2026 | H48: January | I48: 1 | AQ48: 26.2 | AR48: 0.462 | AS48: 25.2 | AT48: 0.453 | AU48: 11.9 | AV48: 0.312 | AW48: 14.8 | AX48: 0.347 | AY48: =IF(OR(ISBLANK(U48), ISBLANK(AQ48)), "Incomplete", (60.7*AQ48)+(45.3*U48)-2055) -> Incomplete | BA48: =IF(OR(ISBLANK(U48), ISBLANK(AS48)), "Incomplete", (60.7*AS48)+(45.3*U48)-2055) -> Incomplete | BC48: =IF(OR(ISBLANK(U48), ISBLANK(AU48)), "Incomplete", (60.7*AU48)+(45.3*U48)-2055) -> Incomplete | BE48: =IF(OR(ISBLANK(U48), ISBLANK(AW48)), "Incomplete", (60.7*AW48)+(45.3*U48)-2055) -> Incomplete | BG48: 8 | BH48: 36 | BI48: =IF(OR(ISBLANK(BG48), ISBLANK(BH48)),"Incomplete",(SUM(BH48-BG48))) -> 28 | BW48: =IFERROR(SUM(BQ48+BR48+BS48)/(3*(T48-S48))*100, "Incomplete") -> Incomplete | BX48: =_xlfn.XLOOKUP(BW48,'Normative data'!$V$3:$V$6,'Normative data'!$W$3:$W$6,"Not Found",-1) -> Very low risk | BY48: =IFERROR(SUM(BT48+BU48+BV48)/(3*(T48-S48))*100, "Incomplete") -> Incomplete | BZ48: =_xlfn.XLOOKUP(BY48,'Normative data'!$V$3:$V$6,'Normative data'!$W$3:$W$6,"Not Found",-1) -> Very low risk | CC48: 50 | CE48: 20 | CG48: 19 | CH48: =_xlfn.XLOOKUP(CG48, 'Normative data'!$S$9:$S$15,'Normative data'!$T$9:$T$15, "Not Found", -1) -> Average | CI48: 18.45 | CJ48: =_xlfn.XLOOKUP(CI48, 'Normative data'!$S$9:$S$15, 'Normative data'!$T$9:$T$15, "Not Found", -1) -> Average | CK48: 2.2 | CL48: 4.55 | CN48: 6.91 | CO48: 7.24 | CQ48: 9.5 | CR48: {=IF(OR(ISBLANK(E48),ISBLANK(CQ48)),"Incomplete",_xlfn.XLOOKUP(CQ48,_xlfn.XLOOKUP(E48,'Normative data'!$Y$3:$Y$6,'Normative data'!$Z$3:$AG$6,,-1),'Normative data'!$Z$2:$AG$2,"Not Found",-1))} -> Incomplete | CS48: 9 | CT48: 5 | CU48: {=_xlfn.XLOOKUP(CS48&CT48,(VLOOKUP!$A$3:$A$250)&(VLOOKUP!$B$3:$B$250),VLOOKUP!$C$3:$C$250,"Incomplete",-1)} -> 1540 | CV48: {=_xlfn.XLOOKUP(CU48, _xlfn.XLOOKUP(E48, 'Normative data'!$Y$11:$Y$14, 'Normative data'!$Z$11:$AG$14, ,-1), 'Normative data'!$Z$10:$AG$10, "Not Found", -1)} -> Average | CW48: {=IF(OR(ISBLANK(CS48),ISBLANK(CT48)),"Incomplete",_xlfn.XLOOKUP(CS48&CT48,VLOOKUP!$A$4:$A$250&VLOOKUP!$B$4:$B$250,VLOOKUP!$D$4:$D$250,"0"))} -> 45
A49: Tess | B49: Anderson | C49: Female | G49: 2026 | H49: January | I49: 1 | AQ49: 22.9 | AR49: 0.432 | AS49: 23.2 | AT49: 0.435 | AU49: 9.7 | AV49: 0.282 | AW49: 9.4 | AX49: 0.277 | AY49: =IF(OR(ISBLANK(U49), ISBLANK(AQ49)), "Incomplete", (60.7*AQ49)+(45.3*U49)-2055) -> Incomplete | BA49: =IF(OR(ISBLANK(U49), ISBLANK(AS49)), "Incomplete", (60.7*AS49)+(45.3*U49)-2055) -> Incomplete | BC49: =IF(OR(ISBLANK(U49), ISBLANK(AU49)), "Incomplete", (60.7*AU49)+(45.3*U49)-2055) -> Incomplete | BE49: =IF(OR(ISBLANK(U49), ISBLANK(AW49)), "Incomplete", (60.7*AW49)+(45.3*U49)-2055) -> Incomplete | BI49: =IF(OR(ISBLANK(BG49), ISBLANK(BH49)),"Incomplete",(SUM(BH49-BG49))) -> Incomplete | BW49: =IFERROR(SUM(BQ49+BR49+BS49)/(3*(T49-S49))*100, "Incomplete") -> Incomplete | BX49: =_xlfn.XLOOKUP(BW49,'Normative data'!$V$3:$V$6,'Normative data'!$W$3:$W$6,"Not Found",-1) -> Very low risk | BY49: =IFERROR(SUM(BT49+BU49+BV49)/(3*(T49-S49))*100, "Incomplete") -> Incomplete | BZ49: =_xlfn.XLOOKUP(BY49,'Normative data'!$V$3:$V$6,'Normative data'!$W$3:$W$6,"Not Found",-1) -> Very low risk | CH49: =_xlfn.XLOOKUP(CG49, 'Normative data'!$S$9:$S$15,'Normative data'!$T$9:$T$15, "Not Found", -1) -> not completed | CJ49: =_xlfn.XLOOKUP(CI49, 'Normative data'!$S$9:$S$15, 'Normative data'!$T$9:$T$15, "Not Found", -1) -> not completed | CK49: 2.27 | CL49: 4.41 | CN49: 7.12 | CO49: 7.02 | CR49: {=IF(OR(ISBLANK(E49),ISBLANK(CQ49)),"Incomplete",_xlfn.XLOOKUP(CQ49,_xlfn.XLOOKUP(E49,'Normative data'!$Y$3:$Y$6,'Normative data'!$Z$3:$AG$6,,-1),'Normative data'!$Z$2:$AG$2,"Not Found",-1))} -> Incomplete | CU49: {=_xlfn.XLOOKUP(CS49&CT49,(VLOOKUP!$A$3:$A$250)&(VLOOKUP!$B$3:$B$250),VLOOKUP!$C$3:$C$250,"Incomplete",-1)} -> Incomplete | CV49: {=_xlfn.XLOOKUP(CU49, _xlfn.XLOOKUP(E49, 'Normative data'!$Y$11:$Y$14, 'Normative data'!$Z$11:$AG$14, ,-1), 'Normative data'!$Z$10:$AG$10, "Not Found", -1)} -> Excellent | CW49: {=IF(OR(ISBLANK(CS49),ISBLANK(CT49)),"Incomplete",_xlfn.XLOOKUP(CS49&CT49,VLOOKUP!$A$4:$A$250&VLOOKUP!$B$4:$B$250,VLOOKUP!$D$4:$D$250,"0"))} -> Incomplete
A50: Smith | B50: Anemaé | C50: Female | D50: 39819 | F50: 11P | G50: 2026 | I50: 2 | J50: Netball | K50: 1st | S50: 85.4 | T50: 169.6 | U50: 65.1 | V50: 34.9 | W50: 17.3 | X50: 47.8 | Y50: 26.6 | Z50: 22.6 | AA50: 26.5 | AB50: 7.74 | AC50: 106.5 | AD50: 7.65 | AE50: 105.3 | AF50: 2.8 | AG50: 106 | AH50: 2.8 | AI50: 105.2 | AJ50: 298.3 | AK50: 305.3 | AL50: 259.7 | AM50: 266.6 | AN50: 109 | AO50: 0.85 | AP50: 6.9 | AQ50: 30.5 | AR50: 0.499 | AS50: 33.9 | AT50: 0.526 | AU50: 19 | AV50: 0.394 | AW50: 20.7 | AX50: 0.411 | AY50: =IF(OR(ISBLANK(U50), ISBLANK(AQ50)), "Incomplete", (60.7*AQ50)+(45.3*U50)-2055) -> 2745.38 | BA50: =IF(OR(ISBLANK(U50), ISBLANK(AS50)), "Incomplete", (60.7*AS50)+(45.3*U50)-2055) -> 2951.76 | BC50: =IF(OR(ISBLANK(U50), ISBLANK(AU50)), "Incomplete", (60.7*AU50)+(45.3*U50)-2055) -> 2047.33 | BE50: =IF(OR(ISBLANK(U50), ISBLANK(AW50)), "Incomplete", (60.7*AW50)+(45.3*U50)-2055) -> 2150.52 | BG50: 14.3 | BH50: 54 | BI50: =IF(OR(ISBLANK(BG50), ISBLANK(BH50)),"Incomplete",(SUM(BH50-BG50))) -> 39.7 | BK50: 10 | BM50: 11.5 | BO50: 49 | BP50: 47 | BQ50: 85 | BR50: 91 | BS50: 82 | BT50: 84 | BU50: 86 | BV50: 84 | BW50: =IFERROR(SUM(BQ50+BR50+BS50)/(3*(T50-S50))*100, "Incomplete") -> 102.13777 | BX50: =_xlfn.XLOOKUP(BW50,'Normative data'!$V$3:$V$6,'Normative data'!$W$3:$W$6,"Not Found",-1) -> Low risk | BY50: =IFERROR(SUM(BT50+BU50+BV50)/(3*(T50-S50))*100, "Incomplete") -> 100.55424 | BZ50: =_xlfn.XLOOKUP(BY50,'Normative data'!$V$3:$V$6,'Normative data'!$W$3:$W$6,"Not Found",-1) -> Low risk | CG50: 18.92 | CH50: =_xlfn.XLOOKUP(CG50, 'Normative data'!$S$9:$S$15,'Normative data'!$T$9:$T$15, "Not Found", -1) -> Average | CI50: 18.48 | CJ50: =_xlfn.XLOOKUP(CI50, 'Normative data'!$S$9:$S$15, 'Normative data'!$T$9:$T$15, "Not Found", -1) -> Average | CQ50: 6.7 | CR50: {=IF(OR(ISBLANK(E50),ISBLANK(CQ50)),"Incomplete",_xlfn.XLOOKUP(CQ50,_xlfn.XLOOKUP(E50,'Normative data'!$Y$3:$Y$6,'Normative data'!$Z$3:$AG$6,,-1),'Normative data'!$Z$2:$AG$2,"Not Found",-1))} -> Incomplete | CS50: 6 | CT50: 7 | CU50: {=_xlfn.XLOOKUP(CS50&CT50,(VLOOKUP!$A$3:$A$250)&(VLOOKUP!$B$3:$B$250),VLOOKUP!$C$3:$C$250,"Incomplete",-1)} -> 960 | CV50: {=_xlfn.XLOOKUP(CU50, _xlfn.XLOOKUP(E50, 'Normative data'!$Y$11:$Y$14, 'Normative data'!$Z$11:$AG$14, ,-1), 'Normative data'!$Z$10:$AG$10, "Not Found", -1)} -> Fair | CW50: {=IF(OR(ISBLANK(CS50),ISBLANK(CT50)),"Incomplete",_xlfn.XLOOKUP(CS50&CT50,VLOOKUP!$A$4:$A$250&VLOOKUP!$B$4:$B$250,VLOOKUP!$D$4:$D$250,"0"))} -> 35
A51: Blake | B51: Anna | C51: Female | D51: 40714 | E51: 14.9 | F51: 9D | G51: 2026 | I51: 2 | J51: Netball | K51: U/15 C | S51: 87.6 | T51: 166 | U51: 52.1 | V51: 29.6 | W51: 11.7 | X51: 40.4 | Y51: 21.8 | Z51: 18.9 | AA51: 22.4 | AB51: 6.01 | AC51: 99.8 | AD51: 6.03 | AE51: 100.1 | AF51: 1.8 | AG51: 72.1 | AH51: 1.8 | AI51: 72.1 | AJ51: 342.8 | AK51: 340.4 | AL51: 310.6 | AM51: 309.3 | AN51: 100 | AO51: 0.86 | AP51: 5.7 | AQ51: 19 | AR51: 0.394 | AS51: 20.2 | AT51: 0.406 | AU51: 9.8 | AV51: 0.283 | AW51: 9.7 | AX51: 0.281 | AY51: =IF(OR(ISBLANK(U51), ISBLANK(AQ51)), "Incomplete", (60.7*AQ51)+(45.3*U51)-2055) -> 1458.43 | BA51: =IF(OR(ISBLANK(U51), ISBLANK(AS51)), "Incomplete", (60.7*AS51)+(45.3*U51)-2055) -> 1531.27 | BC51: =IF(OR(ISBLANK(U51), ISBLANK(AU51)), "Incomplete", (60.7*AU51)+(45.3*U51)-2055) -> 899.99 | BE51: =IF(OR(ISBLANK(U51), ISBLANK(AW51)), "Incomplete", (60.7*AW51)+(45.3*U51)-2055) -> 893.92 | BG51: 15 | BH51: 51 | BI51: =IF(OR(ISBLANK(BG51), ISBLANK(BH51)),"Incomplete",(SUM(BH51-BG51))) -> 36 | BK51: 7.9 | BM51: 5.6 | BO51: 45.5 | BP51: 45 | BQ51: 80 | BR51: 98 | BS51: 93 | BT51: 73 | BU51: 90 | BV51: 87 | BW51: =IFERROR(SUM(BQ51+BR51+BS51)/(3*(T51-S51))*100, "Incomplete") -> 115.22109 | BX51: =_xlfn.XLOOKUP(BW51,'Normative data'!$V$3:$V$6,'Normative data'!$W$3:$W$6,"Not Found",-1) -> Low risk | BY51: =IFERROR(SUM(BT51+BU51+BV51)/(3*(T51-S51))*100, "Incomplete") -> 106.29252 | BZ51: =_xlfn.XLOOKUP(BY51,'Normative data'!$V$3:$V$6,'Normative data'!$W$3:$W$6,"Not Found",-1) -> Low risk | CA51: 21 | CE51: 5 | CG51: 19.32 | CH51: =_xlfn.XLOOKUP(CG51, 'Normative data'!$S$9:$S$15,'Normative data'!$T$9:$T$15, "Not Found", -1) -> Average | CI51: 19.72 | CJ51: =_xlfn.XLOOKUP(CI51, 'Normative data'!$S$9:$S$15, 'Normative data'!$T$9:$T$15, "Not Found", -1) -> Average | CK51: 2.13 | CL51: 4.69 | CN51: 6.84 | CO51: 7.31 | CQ51: 5.1 | CR51: {=IF(OR(ISBLANK(E51),ISBLANK(CQ51)),"Incomplete",_xlfn.XLOOKUP(CQ51,_xlfn.XLOOKUP(E51,'Normative data'!$Y$3:$Y$6,'Normative data'!$Z$3:$AG$6,,-1),'Normative data'!$Z$2:$AG$2,"Not Found",-1))} -> Poor | CS51: 5 | CT51: 1 | CU51: {=_xlfn.XLOOKUP(CS51&CT51,(VLOOKUP!$A$3:$A$250)&(VLOOKUP!$B$3:$B$250),VLOOKUP!$C$3:$C$250,"Incomplete",-1)} -> 660 | CV51: {=_xlfn.XLOOKUP(CU51, _xlfn.XLOOKUP(E51, 'Normative data'!$Y$11:$Y$14, 'Normative data'!$Z$11:$AG$14, ,-1), 'Normative data'!$Z$10:$AG$10, "Not Found", -1)} -> Poor | CW51: {=IF(OR(ISBLANK(CS51),ISBLANK(CT51)),"Incomplete",_xlfn.XLOOKUP(CS51&CT51,VLOOKUP!$A$4:$A$250&VLOOKUP!$B$4:$B$250,VLOOKUP!$D$4:$D$250,"0"))} -> 30
A52: Dillon | B52: Anna | C52: Female | F52: 11D | G52: 2026 | I52: 2 | S52: 91.9 | T52: 178.6 | AY52: =IF(OR(ISBLANK(U52), ISBLANK(AQ52)), "Incomplete", (60.7*AQ52)+(45.3*U52)-2055) -> Incomplete | BA52: =IF(OR(ISBLANK(U52), ISBLANK(AS52)), "Incomplete", (60.7*AS52)+(45.3*U52)-2055) -> Incomplete | BC52: =IF(OR(ISBLANK(U52), ISBLANK(AU52)), "Incomplete", (60.7*AU52)+(45.3*U52)-2055) -> Incomplete | BE52: =IF(OR(ISBLANK(U52), ISBLANK(AW52)), "Incomplete", (60.7*AW52)+(45.3*U52)-2055) -> Incomplete | BG52: 6.5 | BH52: 44.2 | BI52: =IF(OR(ISBLANK(BG52), ISBLANK(BH52)),"Incomplete",(SUM(BH52-BG52))) -> 37.7 | BW52: =IFERROR(SUM(BQ52+BR52+BS52)/(3*(T52-S52))*100, "Incomplete") -> 0 | BX52: =_xlfn.XLOOKUP(BW52,'Normative data'!$V$3:$V$6,'Normative data'!$W$3:$W$6,"Not Found",-1) -> Not completed | BY52: =IFERROR(SUM(BT52+BU52+BV52)/(3*(T52-S52))*100, "Incomplete") -> 0 | BZ52: =_xlfn.XLOOKUP(BY52,'Normative data'!$V$3:$V$6,'Normative data'!$W$3:$W$6,"Not Found",-1) -> Not completed | CH52: =_xlfn.XLOOKUP(CG52, 'Normative data'!$S$9:$S$15,'Normative data'!$T$9:$T$15, "Not Found", -1) -> not completed | CJ52: =_xlfn.XLOOKUP(CI52, 'Normative data'!$S$9:$S$15, 'Normative data'!$T$9:$T$15, "Not Found", -1) -> not completed | CR52: {=IF(OR(ISBLANK(E52),ISBLANK(CQ52)),"Incomplete",_xlfn.XLOOKUP(CQ52,_xlfn.XLOOKUP(E52,'Normative data'!$Y$3:$Y$6,'Normative data'!$Z$3:$AG$6,,-1),'Normative data'!$Z$2:$AG$2,"Not Found",-1))} -> Incomplete | CU52: {=_xlfn.XLOOKUP(CS52&CT52,(VLOOKUP!$A$3:$A$250)&(VLOOKUP!$B$3:$B$250),VLOOKUP!$C$3:$C$250,"Incomplete",-1)} -> Incomplete | CV52: {=_xlfn.XLOOKUP(CU52, _xlfn.XLOOKUP(E52, 'Normative data'!$Y$11:$Y$14, 'Normative data'!$Z$11:$AG$14, ,-1), 'Normative data'!$Z$10:$AG$10, "Not Found", -1)} -> Excellent | CW52: {=IF(OR(ISBLANK(CS52),ISBLANK(CT52)),"Incomplete",_xlfn.XLOOKUP(CS52&CT52,VLOOKUP!$A$4:$A$250&VLOOKUP!$B$4:$B$250,VLOOKUP!$D$4:$D$250,"0"))} -> Incomplete
A53: Hansen | B53: Anna | C53: Female | F53: 9A | G53: 2026 | I53: 2 | AY53: =IF(OR(ISBLANK(U53), ISBLANK(AQ53)), "Incomplete", (60.7*AQ53)+(45.3*U53)-2055) -> Incomplete | BA53: =IF(OR(ISBLANK(U53), ISBLANK(AS53)), "Incomplete", (60.7*AS53)+(45.3*U53)-2055) -> Incomplete | BC53: =IF(OR(ISBLANK(U53), ISBLANK(AU53)), "Incomplete", (60.7*AU53)+(45.3*U53)-2055) -> Incomplete | BE53: =IF(OR(ISBLANK(U53), ISBLANK(AW53)), "Incomplete", (60.7*AW53)+(45.3*U53)-2055) -> Incomplete | BG53: 14 | BH53: 29 | BI53: =IF(OR(ISBLANK(BG53), ISBLANK(BH53)),"Incomplete",(SUM(BH53-BG53))) -> 15 | BK53: 5 | BM53: 6 | BO53: 40.5 | BP53: 40.5 | BQ53: 74 | BR53: 83 | BS53: 68 | BT53: 80 | BU53: 87 | BV53: 77 | BW53: =IFERROR(SUM(BQ53+BR53+BS53)/(3*(T53-S53))*100, "Incomplete") -> Incomplete | BX53: =_xlfn.XLOOKUP(BW53,'Normative data'!$V$3:$V$6,'Normative data'!$W$3:$W$6,"Not Found",-1) -> Very low risk | BY53: =IFERROR(SUM(BT53+BU53+BV53)/(3*(T53-S53))*100, "Incomplete") -> Incomplete | BZ53: =_xlfn.XLOOKUP(BY53,'Normative data'!$V$3:$V$6,'Normative data'!$W$3:$W$6,"Not Found",-1) -> Very low risk | CA53: 28 | CE53: 6 | CH53: =_xlfn.XLOOKUP(CG53, 'Normative data'!$S$9:$S$15,'Normative data'!$T$9:$T$15, "Not Found", -1) -> not completed | CJ53: =_xlfn.XLOOKUP(CI53, 'Normative data'!$S$9:$S$15, 'Normative data'!$T$9:$T$15, "Not Found", -1) -> not completed | CK53: 2.33 | CL53: 4.29 | CN53: 7.37 | CO53: 6.78 | CR53: {=IF(OR(ISBLANK(E53),ISBLANK(CQ53)),"Incomplete",_xlfn.XLOOKUP(CQ53,_xlfn.XLOOKUP(E53,'Normative data'!$Y$3:$Y$6,'Normative data'!$Z$3:$AG$6,,-1),'Normative data'!$Z$2:$AG$2,"Not Found",-1))} -> Incomplete | CU53: {=_xlfn.XLOOKUP(CS53&CT53,(VLOOKUP!$A$3:$A$250)&(VLOOKUP!$B$3:$B$250),VLOOKUP!$C$3:$C$250,"Incomplete",-1)} -> Incomplete | CV53: {=_xlfn.XLOOKUP(CU53, _xlfn.XLOOKUP(E53, 'Normative data'!$Y$11:$Y$14, 'Normative data'!$Z$11:$AG$14, ,-1), 'Normative data'!$Z$10:$AG$10, "Not Found", -1)} -> Excellent | CW53: {=IF(OR(ISBLANK(CS53),ISBLANK(CT53)),"Incomplete",_xlfn.XLOOKUP(CS53&CT53,VLOOKUP!$A$4:$A$250&VLOOKUP!$B$4:$B$250,VLOOKUP!$D$4:$D$250,"0"))} -> Incomplete
A54: Muzzell | B54: Anna | C54: Female | D54: 40252 | E54: 16.1 | F54: 10I | G54: 2026 | I54: 2 | S54: 85.2 | T54: 165.1 | U54: 51.8 | V54: 26.5 | W54: 15.6 | X54: 36.2 | Y54: 19.4 | Z54: 19 | AA54: 30.1 | AB54: 5.77 | AC54: 96.4 | AD54: 5.99 | AE54: 100 | AF54: 2.6 | AG54: 102.7 | AH54: 2.6 | AI54: 104 | AJ54: 460.1 | AK54: 371.7 | AL54: 365.3 | AM54: 333.9 | AN54: 83 | AO54: 0.86 | AP54: 5.5 | AY54: =IF(OR(ISBLANK(U54), ISBLANK(AQ54)), "Incomplete", (60.7*AQ54)+(45.3*U54)-2055) -> Incomplete | BA54: =IF(OR(ISBLANK(U54), ISBLANK(AS54)), "Incomplete", (60.7*AS54)+(45.3*U54)-2055) -> Incomplete | BC54: =IF(OR(ISBLANK(U54), ISBLANK(AU54)), "Incomplete", (60.7*AU54)+(45.3*U54)-2055) -> Incomplete | BE54: =IF(OR(ISBLANK(U54), ISBLANK(AW54)), "Incomplete", (60.7*AW54)+(45.3*U54)-2055) -> Incomplete | BI54: =IF(OR(ISBLANK(BG54), ISBLANK(BH54)),"Incomplete",(SUM(BH54-BG54))) -> Incomplete | BK54: 11 | BM54: 8.5 | BW54: =IFERROR(SUM(BQ54+BR54+BS54)/(3*(T54-S54))*100, "Incomplete") -> 0 | BX54: =_xlfn.XLOOKUP(BW54,'Normative data'!$V$3:$V$6,'Normative data'!$W$3:$W$6,"Not Found",-1) -> Not completed | BY54: =IFERROR(SUM(BT54+BU54+BV54)/(3*(T54-S54))*100, "Incomplete") -> 0 | BZ54: =_xlfn.XLOOKUP(BY54,'Normative data'!$V$3:$V$6,'Normative data'!$W$3:$W$6,"Not Found",-1) -> Not completed | CH54: =_xlfn.XLOOKUP(CG54, 'Normative data'!$S$9:$S$15,'Normative data'!$T$9:$T$15, "Not Found", -1) -> not completed | CJ54: =_xlfn.XLOOKUP(CI54, 'Normative data'!$S$9:$S$15, 'Normative data'!$T$9:$T$15, "Not Found", -1) -> not completed | CR54: {=IF(OR(ISBLANK(E54),ISBLANK(CQ54)),"Incomplete",_xlfn.XLOOKUP(CQ54,_xlfn.XLOOKUP(E54,'Normative data'!$Y$3:$Y$6,'Normative data'!$Z$3:$AG$6,,-1),'Normative data'!$Z$2:$AG$2,"Not Found",-1))} -> Incomplete | CU54: {=_xlfn.XLOOKUP(CS54&CT54,(VLOOKUP!$A$3:$A$250)&(VLOOKUP!$B$3:$B$250),VLOOKUP!$C$3:$C$250,"Incomplete",-1)} -> Incomplete | CV54: {=_xlfn.XLOOKUP(CU54, _xlfn.XLOOKUP(E54, 'Normative data'!$Y$11:$Y$14, 'Normative data'!$Z$11:$AG$14, ,-1), 'Normative data'!$Z$10:$AG$10, "Not Found", -1)} -> Excellent | CW54: {=IF(OR(ISBLANK(CS54),ISBLANK(CT54)),"Incomplete",_xlfn.XLOOKUP(CS54&CT54,VLOOKUP!$A$4:$A$250&VLOOKUP!$B$4:$B$250,VLOOKUP!$D$4:$D$250,"0"))} -> Incomplete
A55: Raad | B55: Anna | C55: Female | D55: 40970 | E55: 14.2 | F55: 8E | G55: 2026 | I55: 2 | J55: Netball | K55: U/14 B | S55: 86.6 | T55: 166.4 | U55: 58.3 | V55: 33.3 | W55: 12.7 | X55: 45.6 | Y55: 25 | Z55: 21.1 | AA55: 21.9 | AB55: 6.91 | AC55: 102.5 | AD55: 6.87 | AE55: 101.9 | AF55: 2 | AG55: 80.1 | AH55: 2 | AI55: 79.6 | AJ55: 297.1 | AK55: 299.4 | AL55: 263.3 | AM55: 266.5 | AN55: 104 | AO55: 0.83 | AP55: 6.5 | AQ55: 27.2 | AR55: 0.471 | AS55: 27.1 | AT55: 0.47 | AU55: 12.6 | AV55: 0.32 | AW55: 15.7 | AX55: 0.358 | AY55: =IF(OR(ISBLANK(U55), ISBLANK(AQ55)), "Incomplete", (60.7*AQ55)+(45.3*U55)-2055) -> 2237.03 | BA55: =IF(OR(ISBLANK(U55), ISBLANK(AS55)), "Incomplete", (60.7*AS55)+(45.3*U55)-2055) -> 2230.96 | BC55: =IF(OR(ISBLANK(U55), ISBLANK(AU55)), "Incomplete", (60.7*AU55)+(45.3*U55)-2055) -> 1350.81 | BE55: =IF(OR(ISBLANK(U55), ISBLANK(AW55)), "Incomplete", (60.7*AW55)+(45.3*U55)-2055) -> 1538.98 | BG55: 16 | BH55: 45.8 | BI55: =IF(OR(ISBLANK(BG55), ISBLANK(BH55)),"Incomplete",(SUM(BH55-BG55))) -> 29.8 | BK55: 7.5 | BM55: 6.7 | BQ55: 79 | BR55: 85 | BS55: 80 | BT55: 75 | BU55: 83 | BV55: 78 | BW55: =IFERROR(SUM(BQ55+BR55+BS55)/(3*(T55-S55))*100, "Incomplete") -> 101.92147 | BX55: =_xlfn.XLOOKUP(BW55,'Normative data'!$V$3:$V$6,'Normative data'!$W$3:$W$6,"Not Found",-1) -> Low risk | BY55: =IFERROR(SUM(BT55+BU55+BV55)/(3*(T55-S55))*100, "Incomplete") -> 98.579783 | BZ55: =_xlfn.XLOOKUP(BY55,'Normative data'!$V$3:$V$6,'Normative data'!$W$3:$W$6,"Not Found",-1) -> Low risk | CA55: 41 | CE55: 26 | CG55: 18.28 | CH55: =_xlfn.XLOOKUP(CG55, 'Normative data'!$S$9:$S$15,'Normative data'!$T$9:$T$15, "Not Found", -1) -> Average | CI55: 18.54 | CJ55: =_xlfn.XLOOKUP(CI55, 'Normative data'!$S$9:$S$15, 'Normative data'!$T$9:$T$15, "Not Found", -1) -> Average | CK55: 2.42 | CL55: 4.13 | CN55: 7.19 | CO55: 6.95 | CQ55: 5.5 | CR55: {=IF(OR(ISBLANK(E55),ISBLANK(CQ55)),"Incomplete",_xlfn.XLOOKUP(CQ55,_xlfn.XLOOKUP(E55,'Normative data'!$Y$3:$Y$6,'Normative data'!$Z$3:$AG$6,,-1),'Normative data'!$Z$2:$AG$2,"Not Found",-1))} -> Fair | CS55: 5 | CT55: 5 | CU55: {=_xlfn.XLOOKUP(CS55&CT55,(VLOOKUP!$A$3:$A$250)&(VLOOKUP!$B$3:$B$250),VLOOKUP!$C$3:$C$250,"Incomplete",-1)} -> 740 | CV55: {=_xlfn.XLOOKUP(CU55, _xlfn.XLOOKUP(E55, 'Normative data'!$Y$11:$Y$14, 'Normative data'!$Z$11:$AG$14, ,-1), 'Normative data'!$Z$10:$AG$10, "Not Found", -1)} -> Fair | CW55: {=IF(OR(ISBLANK(CS55),ISBLANK(CT55)),"Incomplete",_xlfn.XLOOKUP(CS55&CT55,VLOOKUP!$A$4:$A$250&VLOOKUP!$B$4:$B$250,VLOOKUP!$D$4:$D$250,"0"))} -> 31
A56: Sherren | B56: Anna | C56: Female | D56: 40141 | E56: 16.4 | F56: 11P | G56: 2026 | I56: 2 | J56: Hockey | K56: 1st | L56: Striker | S56: 84.7 | T56: 164.2 | U56: 54.8 | V56: 32.1 | W56: 10.9 | X56: 43.9 | Y56: 24.3 | Z56: 20.3 | AA56: 19.8 | AB56: 6.37 | AC56: 100.6 | AD56: 6.35 | AE56: 100.2 | AF56: 1.7 | AG56: 67.4 | AH56: 1.7 | AI56: 67.3 | AJ56: 361 | AK56: 364.4 | AL56: 315 | AM56: 318.4 | AN56: 98 | AO56: 0.87 | AP56: 6.4 | AQ56: 22.2 | AR56: 0.426 | AS56: 29.9 | AT56: 0.494 | AU56: 13.6 | AV56: 0.333 | AW56: 14.9 | AX56: 0.349 | AY56: =IF(OR(ISBLANK(U56), ISBLANK(AQ56)), "Incomplete", (60.7*AQ56)+(45.3*U56)-2055) -> 1774.98 | BA56: =IF(OR(ISBLANK(U56), ISBLANK(AS56)), "Incomplete", (60.7*AS56)+(45.3*U56)-2055) -> 2242.37 | BC56: =IF(OR(ISBLANK(U56), ISBLANK(AU56)), "Incomplete", (60.7*AU56)+(45.3*U56)-2055) -> 1252.96 | BE56: =IF(OR(ISBLANK(U56), ISBLANK(AW56)), "Incomplete", (60.7*AW56)+(45.3*U56)-2055) -> 1331.87 | BG56: 8.9 | BH56: 35.3 | BI56: =IF(OR(ISBLANK(BG56), ISBLANK(BH56)),"Incomplete",(SUM(BH56-BG56))) -> 26.4 | BK56: 3.9 | BM56: 7 | BO56: 43 | BP56: 45 | BQ56: 78 | BR56: 90 | BS56: 78 | BT56: 78 | BU56: 82 | BV56: 79 | BW56: =IFERROR(SUM(BQ56+BR56+BS56)/(3*(T56-S56))*100, "Incomplete") -> 103.14465 | BX56: =_xlfn.XLOOKUP(BW56,'Normative data'!$V$3:$V$6,'Normative data'!$W$3:$W$6,"Not Found",-1) -> Low risk | BY56: =IFERROR(SUM(BT56+BU56+BV56)/(3*(T56-S56))*100, "Incomplete") -> 100.20964 | BZ56: =_xlfn.XLOOKUP(BY56,'Normative data'!$V$3:$V$6,'Normative data'!$W$3:$W$6,"Not Found",-1) -> Low risk | CA56: 32 | CE56: 15 | CG56: 18.54 | CH56: =_xlfn.XLOOKUP(CG56, 'Normative data'!$S$9:$S$15,'Normative data'!$T$9:$T$15, "Not Found", -1) -> Average | CI56: 18.31 | CJ56: =_xlfn.XLOOKUP(CI56, 'Normative data'!$S$9:$S$15, 'Normative data'!$T$9:$T$15, "Not Found", -1) -> Average | CQ56: 9.2 | CR56: {=IF(OR(ISBLANK(E56),ISBLANK(CQ56)),"Incomplete",_xlfn.XLOOKUP(CQ56,_xlfn.XLOOKUP(E56,'Normative data'!$Y$3:$Y$6,'Normative data'!$Z$3:$AG$6,,-1),'Normative data'!$Z$2:$AG$2,"Not Found",-1))} -> Good | CS56: 9 | CT56: 2 | CU56: {=_xlfn.XLOOKUP(CS56&CT56,(VLOOKUP!$A$3:$A$250)&(VLOOKUP!$B$3:$B$250),VLOOKUP!$C$3:$C$250,"Incomplete",-1)} -> 1480 | CV56: {=_xlfn.XLOOKUP(CU56, _xlfn.XLOOKUP(E56, 'Normative data'!$Y$11:$Y$14, 'Normative data'!$Z$11:$AG$14, ,-1), 'Normative data'!$Z$10:$AG$10, "Not Found", -1)} -> Average | CW56: {=IF(OR(ISBLANK(CS56),ISBLANK(CT56)),"Incomplete",_xlfn.XLOOKUP(CS56&CT56,VLOOKUP!$A$4:$A$250&VLOOKUP!$B$4:$B$250,VLOOKUP!$D$4:$D$250,"0"))} -> 44
A57: Van Aarde | B57: Anna | C57: Female | D57: 39490 | E57: 18.3 | F57: 12 | G57: 2026 | I57: 2 | J57: Hockey | K57: 2nd | S57: 90 | T57: 172.8 | U57: 68 | V57: 38.3 | W57: 15.5 | X57: 52.5 | Y57: 29.3 | Z57: 22.8 | AA57: 22.8 | AB57: 8.28 | AC57: 111.3 | AD57: 8.19 | AE57: 110.2 | AF57: 2.4 | AG57: 90.1 | AH57: 2.4 | AI57: 89.6 | AJ57: 291.8 | AK57: 297.8 | AL57: 255.5 | AM57: 260.9 | AN57: 84 | AQ57: 28.5 | AR57: 0.482 | AS57: 26.8 | AT57: 0.468 | AU57: 13 | AV57: 0.326 | AW57: 17.2 | AX57: 0.375 | AY57: =IF(OR(ISBLANK(U57), ISBLANK(AQ57)), "Incomplete", (60.7*AQ57)+(45.3*U57)-2055) -> 2755.35 | BA57: =IF(OR(ISBLANK(U57), ISBLANK(AS57)), "Incomplete", (60.7*AS57)+(45.3*U57)-2055) -> 2652.16 | BC57: =IF(OR(ISBLANK(U57), ISBLANK(AU57)), "Incomplete", (60.7*AU57)+(45.3*U57)-2055) -> 1814.5 | BE57: =IF(OR(ISBLANK(U57), ISBLANK(AW57)), "Incomplete", (60.7*AW57)+(45.3*U57)-2055) -> 2069.44 | BG57: 12 | BH57: 45 | BI57: =IF(OR(ISBLANK(BG57), ISBLANK(BH57)),"Incomplete",(SUM(BH57-BG57))) -> 33 | BK57: 8.5 | BM57: 9.5 | BO57: 53.5 | BP57: 54.5 | BQ57: 87 | BR57: 95 | BS57: 99 | BT57: 81 | BU57: 100 | BV57: 89 | BW57: =IFERROR(SUM(BQ57+BR57+BS57)/(3*(T57-S57))*100, "Incomplete") -> 113.12399 | BX57: =_xlfn.XLOOKUP(BW57,'Normative data'!$V$3:$V$6,'Normative data'!$W$3:$W$6,"Not Found",-1) -> Low risk | BY57: =IFERROR(SUM(BT57+BU57+BV57)/(3*(T57-S57))*100, "Incomplete") -> 108.69565 | BZ57: =_xlfn.XLOOKUP(BY57,'Normative data'!$V$3:$V$6,'Normative data'!$W$3:$W$6,"Not Found",-1) -> Low risk | CA57: 33 | CE57: 21 | CG57: 18.25 | CH57: =_xlfn.XLOOKUP(CG57, 'Normative data'!$S$9:$S$15,'Normative data'!$T$9:$T$15, "Not Found", -1) -> Average | CI57: 17.64 | CJ57: =_xlfn.XLOOKUP(CI57, 'Normative data'!$S$9:$S$15, 'Normative data'!$T$9:$T$15, "Not Found", -1) -> Above Average | CR57: {=IF(OR(ISBLANK(E57),ISBLANK(CQ57)),"Incomplete",_xlfn.XLOOKUP(CQ57,_xlfn.XLOOKUP(E57,'Normative data'!$Y$3:$Y$6,'Normative data'!$Z$3:$AG$6,,-1),'Normative data'!$Z$2:$AG$2,"Not Found",-1))} -> Incomplete | CU57: {=_xlfn.XLOOKUP(CS57&CT57,(VLOOKUP!$A$3:$A$250)&(VLOOKUP!$B$3:$B$250),VLOOKUP!$C$3:$C$250,"Incomplete",-1)} -> Incomplete | CV57: {=_xlfn.XLOOKUP(CU57, _xlfn.XLOOKUP(E57, 'Normative data'!$Y$11:$Y$14, 'Normative data'!$Z$11:$AG$14, ,-1), 'Normative data'!$Z$10:$AG$10, "Not Found", -1)} -> Excellent | CW57: {=IF(OR(ISBLANK(CS57),ISBLANK(CT57)),"Incomplete",_xlfn.XLOOKUP(CS57&CT57,VLOOKUP!$A$4:$A$250&VLOOKUP!$B$4:$B$250,VLOOKUP!$D$4:$D$250,"0"))} -> Incomplete
A58: Clack | B58: Annabel | C58: Female | F58: 11D | G58: 2026 | I58: 2 | J58: Hockey | K58: 3rd | AY58: =IF(OR(ISBLANK(U58), ISBLANK(AQ58)), "Incomplete", (60.7*AQ58)+(45.3*U58)-2055) -> Incomplete | BA58: =IF(OR(ISBLANK(U58), ISBLANK(AS58)), "Incomplete", (60.7*AS58)+(45.3*U58)-2055) -> Incomplete | BC58: =IF(OR(ISBLANK(U58), ISBLANK(AU58)), "Incomplete", (60.7*AU58)+(45.3*U58)-2055) -> Incomplete | BE58: =IF(OR(ISBLANK(U58), ISBLANK(AW58)), "Incomplete", (60.7*AW58)+(45.3*U58)-2055) -> Incomplete | BI58: =IF(OR(ISBLANK(BG58), ISBLANK(BH58)),"Incomplete",(SUM(BH58-BG58))) -> Incomplete | BK58: 2.5 | BM58: 3.5 | BO58: 52 | BP58: 52 | BQ58: 55.5 | BR58: 76 | BS58: 71 | BT58: 60.5 | BU58: 63 | BV58: 72 | BW58: =IFERROR(SUM(BQ58+BR58+BS58)/(3*(T58-S58))*100, "Incomplete") -> Incomplete | BX58: =_xlfn.XLOOKUP(BW58,'Normative data'!$V$3:$V$6,'Normative data'!$W$3:$W$6,"Not Found",-1) -> Very low risk | BY58: =IFERROR(SUM(BT58+BU58+BV58)/(3*(T58-S58))*100, "Incomplete") -> Incomplete | BZ58: =_xlfn.XLOOKUP(BY58,'Normative data'!$V$3:$V$6,'Normative data'!$W$3:$W$6,"Not Found",-1) -> Very low risk | CA58: 39 | CE58: 24 | CH58: =_xlfn.XLOOKUP(CG58, 'Normative data'!$S$9:$S$15,'Normative data'!$T$9:$T$15, "Not Found", -1) -> not completed | CJ58: =_xlfn.XLOOKUP(CI58, 'Normative data'!$S$9:$S$15, 'Normative data'!$T$9:$T$15, "Not Found", -1) -> not completed | CR58: {=IF(OR(ISBLANK(E58),ISBLANK(CQ58)),"Incomplete",_xlfn.XLOOKUP(CQ58,_xlfn.XLOOKUP(E58,'Normative data'!$Y$3:$Y$6,'Normative data'!$Z$3:$AG$6,,-1),'Normative data'!$Z$2:$AG$2,"Not Found",-1))} -> Incomplete | CU58: {=_xlfn.XLOOKUP(CS58&CT58,(VLOOKUP!$A$3:$A$250)&(VLOOKUP!$B$3:$B$250),VLOOKUP!$C$3:$C$250,"Incomplete",-1)} -> Incomplete | CV58: {=_xlfn.XLOOKUP(CU58, _xlfn.XLOOKUP(E58, 'Normative data'!$Y$11:$Y$14, 'Normative data'!$Z$11:$AG$14, ,-1), 'Normative data'!$Z$10:$AG$10, "Not Found", -1)} -> Excellent | CW58: {=IF(OR(ISBLANK(CS58),ISBLANK(CT58)),"Incomplete",_xlfn.XLOOKUP(CS58&CT58,VLOOKUP!$A$4:$A$250&VLOOKUP!$B$4:$B$250,VLOOKUP!$D$4:$D$250,"0"))} -> Incomplete
A59: Grey | B59: Annabel | C59: Female | D59: 40875 | F59: 9P | G59: 2026 | I59: 2 | S59: 89.3 | T59: 171.1 | AQ59: 27.2 | AR59: 0.471 | AS59: 29.2 | AT59: 0.488 | AU59: 12.2 | AV59: 0.315 | AW59: 13.8 | AX59: 0.335 | AY59: =IF(OR(ISBLANK(U59), ISBLANK(AQ59)), "Incomplete", (60.7*AQ59)+(45.3*U59)-2055) -> Incomplete | BA59: =IF(OR(ISBLANK(U59), ISBLANK(AS59)), "Incomplete", (60.7*AS59)+(45.3*U59)-2055) -> Incomplete | BC59: =IF(OR(ISBLANK(U59), ISBLANK(AU59)), "Incomplete", (60.7*AU59)+(45.3*U59)-2055) -> Incomplete | BE59: =IF(OR(ISBLANK(U59), ISBLANK(AW59)), "Incomplete", (60.7*AW59)+(45.3*U59)-2055) -> Incomplete | BG59: 10.5 | BH59: 45.5 | BI59: =IF(OR(ISBLANK(BG59), ISBLANK(BH59)),"Incomplete",(SUM(BH59-BG59))) -> 35 | BK59: 6.5 | BM59: 8 | BW59: =IFERROR(SUM(BQ59+BR59+BS59)/(3*(T59-S59))*100, "Incomplete") -> 0 | BX59: =_xlfn.XLOOKUP(BW59,'Normative data'!$V$3:$V$6,'Normative data'!$W$3:$W$6,"Not Found",-1) -> Not completed | BY59: =IFERROR(SUM(BT59+BU59+BV59)/(3*(T59-S59))*100, "Incomplete") -> 0 | BZ59: =_xlfn.XLOOKUP(BY59,'Normative data'!$V$3:$V$6,'Normative data'!$W$3:$W$6,"Not Found",-1) -> Not completed | CA59: 38 | CG59: 18.46 | CH59: =_xlfn.XLOOKUP(CG59, 'Normative data'!$S$9:$S$15,'Normative data'!$T$9:$T$15, "Not Found", -1) -> Average | CI59: 17.99 | CJ59: =_xlfn.XLOOKUP(CI59, 'Normative data'!$S$9:$S$15, 'Normative data'!$T$9:$T$15, "Not Found", -1) -> Above Average | CK59: 1.98 | CL59: 5.05 | CN59: 6.14 | CO59: 8.14 | CQ59: 9.1 | CR59: {=IF(OR(ISBLANK(E59),ISBLANK(CQ59)),"Incomplete",_xlfn.XLOOKUP(CQ59,_xlfn.XLOOKUP(E59,'Normative data'!$Y$3:$Y$6,'Normative data'!$Z$3:$AG$6,,-1),'Normative data'!$Z$2:$AG$2,"Not Found",-1))} -> Incomplete | CS59: 9 | CT59: 1 | CU59: {=_xlfn.XLOOKUP(CS59&CT59,(VLOOKUP!$A$3:$A$250)&(VLOOKUP!$B$3:$B$250),VLOOKUP!$C$3:$C$250,"Incomplete",-1)} -> 1460 | CV59: {=_xlfn.XLOOKUP(CU59, _xlfn.XLOOKUP(E59, 'Normative data'!$Y$11:$Y$14, 'Normative data'!$Z$11:$AG$14, ,-1), 'Normative data'!$Z$10:$AG$10, "Not Found", -1)} -> Average | CW59: {=IF(OR(ISBLANK(CS59),ISBLANK(CT59)),"Incomplete",_xlfn.XLOOKUP(CS59&CT59,VLOOKUP!$A$4:$A$250&VLOOKUP!$B$4:$B$250,VLOOKUP!$D$4:$D$250,"0"))} -> 44
A60: Deering | B60: Annabelle | C60: Female | F60: 11D | G60: 2026 | I60: 2 | S60: 88.5 | T60: 167 | AY60: =IF(OR(ISBLANK(U60), ISBLANK(AQ60)), "Incomplete", (60.7*AQ60)+(45.3*U60)-2055) -> Incomplete | BA60: =IF(OR(ISBLANK(U60), ISBLANK(AS60)), "Incomplete", (60.7*AS60)+(45.3*U60)-2055) -> Incomplete | BC60: =IF(OR(ISBLANK(U60), ISBLANK(AU60)), "Incomplete", (60.7*AU60)+(45.3*U60)-2055) -> Incomplete | BE60: =IF(OR(ISBLANK(U60), ISBLANK(AW60)), "Incomplete", (60.7*AW60)+(45.3*U60)-2055) -> Incomplete | BG60: 8.5 | BH60: 30.9 | BI60: =IF(OR(ISBLANK(BG60), ISBLANK(BH60)),"Incomplete",(SUM(BH60-BG60))) -> 22.4 | BK60: 10 | BM60: 12 | BO60: 46 | BP60: 46 | BQ60: 74 | BR60: 86 | BS60: 87 | BT60: 72 | BU60: 94 | BV60: 72 | BW60: =IFERROR(SUM(BQ60+BR60+BS60)/(3*(T60-S60))*100, "Incomplete") -> 104.88323 | BX60: =_xlfn.XLOOKUP(BW60,'Normative data'!$V$3:$V$6,'Normative data'!$W$3:$W$6,"Not Found",-1) -> Low risk | BY60: =IFERROR(SUM(BT60+BU60+BV60)/(3*(T60-S60))*100, "Incomplete") -> 101.06157 | BZ60: =_xlfn.XLOOKUP(BY60,'Normative data'!$V$3:$V$6,'Normative data'!$W$3:$W$6,"Not Found",-1) -> Low risk | CA60: 32 | CE60: 20 | CH60: =_xlfn.XLOOKUP(CG60, 'Normative data'!$S$9:$S$15,'Normative data'!$T$9:$T$15, "Not Found", -1) -> not completed | CJ60: =_xlfn.XLOOKUP(CI60, 'Normative data'!$S$9:$S$15, 'Normative data'!$T$9:$T$15, "Not Found", -1) -> not completed | CR60: {=IF(OR(ISBLANK(E60),ISBLANK(CQ60)),"Incomplete",_xlfn.XLOOKUP(CQ60,_xlfn.XLOOKUP(E60,'Normative data'!$Y$3:$Y$6,'Normative data'!$Z$3:$AG$6,,-1),'Normative data'!$Z$2:$AG$2,"Not Found",-1))} -> Incomplete | CU60: {=_xlfn.XLOOKUP(CS60&CT60,(VLOOKUP!$A$3:$A$250)&(VLOOKUP!$B$3:$B$250),VLOOKUP!$C$3:$C$250,"Incomplete",-1)} -> Incomplete | CV60: {=_xlfn.XLOOKUP(CU60, _xlfn.XLOOKUP(E60, 'Normative data'!$Y$11:$Y$14, 'Normative data'!$Z$11:$AG$14, ,-1), 'Normative data'!$Z$10:$AG$10, "Not Found", -1)} -> Excellent | CW60: {=IF(OR(ISBLANK(CS60),ISBLANK(CT60)),"Incomplete",_xlfn.XLOOKUP(CS60&CT60,VLOOKUP!$A$4:$A$250&VLOOKUP!$B$4:$B$250,VLOOKUP!$D$4:$D$250,"0"))} -> Incomplete
A61: Leith | B61: Annabelle | C61: Female | D61: 40516 | E61: 16 | F61: 10E | G61: 2026 | I61: 2 | S61: 90.4 | T61: 173.5 | U61: 53.8 | V61: 33.8 | W61: 7.5 | X61: 46.3 | Y61: 25.6 | Z61: 18 | AA61: 14 | AB61: 7.43 | AC61: 119.5 | AD61: 7.55 | AE61: 121.4 | AF61: 1.4 | AG61: 49.2 | AH61: 1.4 | AI61: 49.7 | AJ61: 355 | AK61: 341.2 | AL61: 312.5 | AM61: 300.8 | AN61: 92 | AO61: 0.81 | AP61: 6.5 | AY61: =IF(OR(ISBLANK(U61), ISBLANK(AQ61)), "Incomplete", (60.7*AQ61)+(45.3*U61)-2055) -> Incomplete | BA61: =IF(OR(ISBLANK(U61), ISBLANK(AS61)), "Incomplete", (60.7*AS61)+(45.3*U61)-2055) -> Incomplete | BC61: =IF(OR(ISBLANK(U61), ISBLANK(AU61)), "Incomplete", (60.7*AU61)+(45.3*U61)-2055) -> Incomplete | BE61: =IF(OR(ISBLANK(U61), ISBLANK(AW61)), "Incomplete", (60.7*AW61)+(45.3*U61)-2055) -> Incomplete | BI61: =IF(OR(ISBLANK(BG61), ISBLANK(BH61)),"Incomplete",(SUM(BH61-BG61))) -> Incomplete | BW61: =IFERROR(SUM(BQ61+BR61+BS61)/(3*(T61-S61))*100, "Incomplete") -> 0 | BX61: =_xlfn.XLOOKUP(BW61,'Normative data'!$V$3:$V$6,'Normative data'!$W$3:$W$6,"Not Found",-1) -> Not completed | BY61: =IFERROR(SUM(BT61+BU61+BV61)/(3*(T61-S61))*100, "Incomplete") -> 0 | BZ61: =_xlfn.XLOOKUP(BY61,'Normative data'!$V$3:$V$6,'Normative data'!$W$3:$W$6,"Not Found",-1) -> Not completed | CE61: 27 | CG61: 18.39 | CH61: =_xlfn.XLOOKUP(CG61, 'Normative data'!$S$9:$S$15,'Normative data'!$T$9:$T$15, "Not Found", -1) -> Average | CI61: 17.93 | CJ61: =_xlfn.XLOOKUP(CI61, 'Normative data'!$S$9:$S$15, 'Normative data'!$T$9:$T$15, "Not Found", -1) -> Above Average | CK61: 2.14 | CL61: 4.67 | CN61: 6.51 | CO61: 7.68 | CQ61: 8.1 | CR61: {=IF(OR(ISBLANK(E61),ISBLANK(CQ61)),"Incomplete",_xlfn.XLOOKUP(CQ61,_xlfn.XLOOKUP(E61,'Normative data'!$Y$3:$Y$6,'Normative data'!$Z$3:$AG$6,,-1),'Normative data'!$Z$2:$AG$2,"Not Found",-1))} -> Average | CS61: 8 | CT61: 1 | CU61: {=_xlfn.XLOOKUP(CS61&CT61,(VLOOKUP!$A$3:$A$250)&(VLOOKUP!$B$3:$B$250),VLOOKUP!$C$3:$C$250,"Incomplete",-1)} -> 1240 | CV61: {=_xlfn.XLOOKUP(CU61, _xlfn.XLOOKUP(E61, 'Normative data'!$Y$11:$Y$14, 'Normative data'!$Z$11:$AG$14, ,-1), 'Normative data'!$Z$10:$AG$10, "Not Found", -1)} -> Average | CW61: {=IF(OR(ISBLANK(CS61),ISBLANK(CT61)),"Incomplete",_xlfn.XLOOKUP(CS61&CT61,VLOOKUP!$A$4:$A$250&VLOOKUP!$B$4:$B$250,VLOOKUP!$D$4:$D$250,"0"))} -> 40
A62: Mackinnon-Little | B62: Annie | C62: Female | D62: 41209 | E62: 13.5 | F62: 8P | G62: 2026 | I62: 2 | J62: Hockey | K62: U/14 B | S62: 84.3 | T62: 162.8 | U62: 48.5 | V62: 28.4 | W62: 9.7 | X62: 38.8 | Y62: 21 | Z62: 18.3 | AA62: 20.1 | AB62: 5.97 | AC62: 106.4 | AD62: 6 | AE62: 107.1 | AF62: 1.7 | AG62: 71.4 | AH62: 1.7 | AI62: 71.5 | AJ62: 322.3 | AK62: 317.5 | AL62: 287.4 | AM62: 283.6 | AN62: 101 | AO62: 0.8 | AP62: 5.7 | AQ62: 24.5 | AR62: 0.447 | AS62: 26.6 | AT62: 0.466 | AU62: 12.6 | AV62: 0.32 | AW62: 12.9 | AX62: 0.324 | AY62: =IF(OR(ISBLANK(U62), ISBLANK(AQ62)), "Incomplete", (60.7*AQ62)+(45.3*U62)-2055) -> 1629.2 | BA62: =IF(OR(ISBLANK(U62), ISBLANK(AS62)), "Incomplete", (60.7*AS62)+(45.3*U62)-2055) -> 1756.67 | BC62: =IF(OR(ISBLANK(U62), ISBLANK(AU62)), "Incomplete", (60.7*AU62)+(45.3*U62)-2055) -> 906.87 | BE62: =IF(OR(ISBLANK(U62), ISBLANK(AW62)), "Incomplete", (60.7*AW62)+(45.3*U62)-2055) -> 925.08 | BG62: 19.5 | BH62: 51.5 | BI62: =IF(OR(ISBLANK(BG62), ISBLANK(BH62)),"Incomplete",(SUM(BH62-BG62))) -> 32 | BK62: 10 | BM62: 10 | BO62: 45.5 | BP62: 46 | BQ62: 90 | BR62: 82 | BS62: 93 | BT62: 94 | BU62: 91 | BV62: 84 | BW62: =IFERROR(SUM(BQ62+BR62+BS62)/(3*(T62-S62))*100, "Incomplete") -> 112.52654 | BX62: =_xlfn.XLOOKUP(BW62,'Normative data'!$V$3:$V$6,'Normative data'!$W$3:$W$6,"Not Found",-1) -> Low risk | BY62: =IFERROR(SUM(BT62+BU62+BV62)/(3*(T62-S62))*100, "Incomplete") -> 114.22505 | BZ62: =_xlfn.XLOOKUP(BY62,'Normative data'!$V$3:$V$6,'Normative data'!$W$3:$W$6,"Not Found",-1) -> Low risk | CA62: 27 | CE62: 8 | CG62: 18.08 | CH62: =_xlfn.XLOOKUP(CG62, 'Normative data'!$S$9:$S$15,'Normative data'!$T$9:$T$15, "Not Found", -1) -> Average | CI62: 17.9 | CJ62: =_xlfn.XLOOKUP(CI62, 'Normative data'!$S$9:$S$15, 'Normative data'!$T$9:$T$15, "Not Found", -1) -> Above Average | CK62: 2.14 | CL62: 4.67 | CN62: 6.46 | CO62: 7.74 | CQ62: 5.6 | CR62: {=IF(OR(ISBLANK(E62),ISBLANK(CQ62)),"Incomplete",_xlfn.XLOOKUP(CQ62,_xlfn.XLOOKUP(E62,'Normative data'!$Y$3:$Y$6,'Normative data'!$Z$3:$AG$6,,-1),'Normative data'!$Z$2:$AG$2,"Not Found",-1))} -> Average | CS62: 5 | CT62: 6 | CU62: {=_xlfn.XLOOKUP(CS62&CT62,(VLOOKUP!$A$3:$A$250)&(VLOOKUP!$B$3:$B$250),VLOOKUP!$C$3:$C$250,"Incomplete",-1)} -> 760 | CV62: {=_xlfn.XLOOKUP(CU62, _xlfn.XLOOKUP(E62, 'Normative data'!$Y$11:$Y$14, 'Normative data'!$Z$11:$AG$14, ,-1), 'Normative data'!$Z$10:$AG$10, "Not Found", -1)} -> Average | CW62: {=IF(OR(ISBLANK(CS62),ISBLANK(CT62)),"Incomplete",_xlfn.XLOOKUP(CS62&CT62,VLOOKUP!$A$4:$A$250&VLOOKUP!$B$4:$B$250,VLOOKUP!$D$4:$D$250,"0"))} -> 32
A63: Majirija | B63: Anotida | C63: Female | F63: 9E | G63: 2026 | I63: 2 | J63: Netball | K63: U/15 E | S63: 80.9 | T63: 160.8 | AY63: =IF(OR(ISBLANK(U63), ISBLANK(AQ63)), "Incomplete", (60.7*AQ63)+(45.3*U63)-2055) -> Incomplete | BA63: =IF(OR(ISBLANK(U63), ISBLANK(AS63)), "Incomplete", (60.7*AS63)+(45.3*U63)-2055) -> Incomplete | BC63: =IF(OR(ISBLANK(U63), ISBLANK(AU63)), "Incomplete", (60.7*AU63)+(45.3*U63)-2055) -> Incomplete | BE63: =IF(OR(ISBLANK(U63), ISBLANK(AW63)), "Incomplete", (60.7*AW63)+(45.3*U63)-2055) -> Incomplete | BG63: 13 | BH63: 54 | BI63: =IF(OR(ISBLANK(BG63), ISBLANK(BH63)),"Incomplete",(SUM(BH63-BG63))) -> 41 | BK63: 7 | BM63: 7 | BO63: 57 | BP63: 57 | BQ63: 76 | BR63: 83 | BS63: 73 | BT63: 74 | BU63: 65 | BV63: 70 | BW63: =IFERROR(SUM(BQ63+BR63+BS63)/(3*(T63-S63))*100, "Incomplete") -> 96.787651 | BX63: =_xlfn.XLOOKUP(BW63,'Normative data'!$V$3:$V$6,'Normative data'!$W$3:$W$6,"Not Found",-1) -> Low risk | BY63: =IFERROR(SUM(BT63+BU63+BV63)/(3*(T63-S63))*100, "Incomplete") -> 87.192324 | BZ63: =_xlfn.XLOOKUP(BY63,'Normative data'!$V$3:$V$6,'Normative data'!$W$3:$W$6,"Not Found",-1) -> High risk | CA63: 25 | CE63: 3 | CG63: 19.62 | CH63: =_xlfn.XLOOKUP(CG63, 'Normative data'!$S$9:$S$15,'Normative data'!$T$9:$T$15, "Not Found", -1) -> Average | CI63: 20.02 | CJ63: =_xlfn.XLOOKUP(CI63, 'Normative data'!$S$9:$S$15, 'Normative data'!$T$9:$T$15, "Not Found", -1) -> Average | CQ63: 4.2 | CR63: {=IF(OR(ISBLANK(E63),ISBLANK(CQ63)),"Incomplete",_xlfn.XLOOKUP(CQ63,_xlfn.XLOOKUP(E63,'Normative data'!$Y$3:$Y$6,'Normative data'!$Z$3:$AG$6,,-1),'Normative data'!$Z$2:$AG$2,"Not Found",-1))} -> Incomplete | CS63: 4 | CT63: 2 | CU63: {=_xlfn.XLOOKUP(CS63&CT63,(VLOOKUP!$A$3:$A$250)&(VLOOKUP!$B$3:$B$250),VLOOKUP!$C$3:$C$250,"Incomplete",-1)} -> 500 | CV63: {=_xlfn.XLOOKUP(CU63, _xlfn.XLOOKUP(E63, 'Normative data'!$Y$11:$Y$14, 'Normative data'!$Z$11:$AG$14, ,-1), 'Normative data'!$Z$10:$AG$10, "Not Found", -1)} -> Very poor | CW63: {=IF(OR(ISBLANK(CS63),ISBLANK(CT63)),"Incomplete",_xlfn.XLOOKUP(CS63&CT63,VLOOKUP!$A$4:$A$250&VLOOKUP!$B$4:$B$250,VLOOKUP!$D$4:$D$250,"0"))} -> 27
A64: Gubbins | B64: Aoife | C64: Female | D64: 40863 | E64: 14.4 | F64: 8D | G64: 2026 | I64: 2 | J64: Hockey | K64: U/14 C | S64: 85.6 | T64: 166 | U64: 55.3 | V64: 33.3 | W64: 9.9 | X64: 54.4 | Y64: 24.9 | Z64: 20.1 | AA64: 17.9 | AB64: 6.96 | AC64: 108.8 | AD64: 6.97 | AE64: 109 | AF64: 1.7 | AG64: 65.7 | AH64: 1.7 | AI64: 65.6 | AJ64: 276.5 | AK64: 274.4 | AL64: 248 | AM64: 246.4 | AN64: 98 | AO64: 0.8 | AP64: 6.6 | AY64: =IF(OR(ISBLANK(U64), ISBLANK(AQ64)), "Incomplete", (60.7*AQ64)+(45.3*U64)-2055) -> Incomplete | BA64: =IF(OR(ISBLANK(U64), ISBLANK(AS64)), "Incomplete", (60.7*AS64)+(45.3*U64)-2055) -> Incomplete | BC64: =IF(OR(ISBLANK(U64), ISBLANK(AU64)), "Incomplete", (60.7*AU64)+(45.3*U64)-2055) -> Incomplete | BE64: =IF(OR(ISBLANK(U64), ISBLANK(AW64)), "Incomplete", (60.7*AW64)+(45.3*U64)-2055) -> Incomplete | BH64: 59.5 | BI64: =IF(OR(ISBLANK(BG64), ISBLANK(BH64)),"Incomplete",(SUM(BH64-BG64))) -> Incomplete | BK64: 10.5 | BM64: 10 | BQ64: 82 | BR64: 90 | BS64: 78 | BT64: 84 | BU64: 74 | BV64: 73 | BW64: =IFERROR(SUM(BQ64+BR64+BS64)/(3*(T64-S64))*100, "Incomplete") -> 103.64842 | BX64: =_xlfn.XLOOKUP(BW64,'Normative data'!$V$3:$V$6,'Normative data'!$W$3:$W$6,"Not Found",-1) -> Low risk | BY64: =IFERROR(SUM(BT64+BU64+BV64)/(3*(T64-S64))*100, "Incomplete") -> 95.771144 | BZ64: =_xlfn.XLOOKUP(BY64,'Normative data'!$V$3:$V$6,'Normative data'!$W$3:$W$6,"Not Found",-1) -> Low risk | CH64: =_xlfn.XLOOKUP(CG64, 'Normative data'!$S$9:$S$15,'Normative data'!$T$9:$T$15, "Not Found", -1) -> not completed | CJ64: =_xlfn.XLOOKUP(CI64, 'Normative data'!$S$9:$S$15, 'Normative data'!$T$9:$T$15, "Not Found", -1) -> not completed | CQ64: 8.1 | CR64: {=IF(OR(ISBLANK(E64),ISBLANK(CQ64)),"Incomplete",_xlfn.XLOOKUP(CQ64,_xlfn.XLOOKUP(E64,'Normative data'!$Y$3:$Y$6,'Normative data'!$Z$3:$AG$6,,-1),'Normative data'!$Z$2:$AG$2,"Not Found",-1))} -> Good | CS64: 8 | CT64: 1 | CU64: {=_xlfn.XLOOKUP(CS64&CT64,(VLOOKUP!$A$3:$A$250)&(VLOOKUP!$B$3:$B$250),VLOOKUP!$C$3:$C$250,"Incomplete",-1)} -> 1240 | CV64: {=_xlfn.XLOOKUP(CU64, _xlfn.XLOOKUP(E64, 'Normative data'!$Y$11:$Y$14, 'Normative data'!$Z$11:$AG$14, ,-1), 'Normative data'!$Z$10:$AG$10, "Not Found", -1)} -> Average | CW64: {=IF(OR(ISBLANK(CS64),ISBLANK(CT64)),"Incomplete",_xlfn.XLOOKUP(CS64&CT64,VLOOKUP!$A$4:$A$250&VLOOKUP!$B$4:$B$250,VLOOKUP!$D$4:$D$250,"0"))} -> 40
A65: Bayly | B65: Arabella | C65: Female | D65: 40564 | F65: 9I | G65: 2026 | I65: 2 | S65: 87 | T65: 169.6 | U65: 60.3 | V65: 34.4 | W65: 13.2 | X65: 47.1 | Y65: 26.1 | Z65: 21 | AA65: 21.9 | AB65: 7.36 | AC65: 105.6 | AD65: 7.31 | AE65: 104.8 | AF65: 2.1 | AG65: 79.1 | AH65: 2.1 | AI65: 78.9 | AJ65: 325.3 | AK65: 331.1 | AL65: 287.3 | AM65: 292.6 | AN65: 105 | AO65: 0.86 | AP65: 6.7 | AY65: =IF(OR(ISBLANK(U65), ISBLANK(AQ65)), "Incomplete", (60.7*AQ65)+(45.3*U65)-2055) -> Incomplete | BA65: =IF(OR(ISBLANK(U65), ISBLANK(AS65)), "Incomplete", (60.7*AS65)+(45.3*U65)-2055) -> Incomplete | BC65: =IF(OR(ISBLANK(U65), ISBLANK(AU65)), "Incomplete", (60.7*AU65)+(45.3*U65)-2055) -> Incomplete | BE65: =IF(OR(ISBLANK(U65), ISBLANK(AW65)), "Incomplete", (60.7*AW65)+(45.3*U65)-2055) -> Incomplete | BI65: =IF(OR(ISBLANK(BG65), ISBLANK(BH65)),"Incomplete",(SUM(BH65-BG65))) -> Incomplete | BO65: 47 | BP65: 48.3 | BW65: =IFERROR(SUM(BQ65+BR65+BS65)/(3*(T65-S65))*100, "Incomplete") -> 0 | BX65: =_xlfn.XLOOKUP(BW65,'Normative data'!$V$3:$V$6,'Normative data'!$W$3:$W$6,"Not Found",-1) -> Not completed | BY65: =IFERROR(SUM(BT65+BU65+BV65)/(3*(T65-S65))*100, "Incomplete") -> 0 | BZ65: =_xlfn.XLOOKUP(BY65,'Normative data'!$V$3:$V$6,'Normative data'!$W$3:$W$6,"Not Found",-1) -> Not completed | CA65: 48 | CE65: 43 | CH65: =_xlfn.XLOOKUP(CG65, 'Normative data'!$S$9:$S$15,'Normative data'!$T$9:$T$15, "Not Found", -1) -> not completed | CJ65: =_xlfn.XLOOKUP(CI65, 'Normative data'!$S$9:$S$15, 'Normative data'!$T$9:$T$15, "Not Found", -1) -> not completed | CQ65: 8.1 | CR65: {=IF(OR(ISBLANK(E65),ISBLANK(CQ65)),"Incomplete",_xlfn.XLOOKUP(CQ65,_xlfn.XLOOKUP(E65,'Normative data'!$Y$3:$Y$6,'Normative data'!$Z$3:$AG$6,,-1),'Normative data'!$Z$2:$AG$2,"Not Found",-1))} -> Incomplete | CS65: 8 | CT65: 1 | CU65: {=_xlfn.XLOOKUP(CS65&CT65,(VLOOKUP!$A$3:$A$250)&(VLOOKUP!$B$3:$B$250),VLOOKUP!$C$3:$C$250,"Incomplete",-1)} -> 1240 | CV65: {=_xlfn.XLOOKUP(CU65, _xlfn.XLOOKUP(E65, 'Normative data'!$Y$11:$Y$14, 'Normative data'!$Z$11:$AG$14, ,-1), 'Normative data'!$Z$10:$AG$10, "Not Found", -1)} -> Average | CW65: {=IF(OR(ISBLANK(CS65),ISBLANK(CT65)),"Incomplete",_xlfn.XLOOKUP(CS65&CT65,VLOOKUP!$A$4:$A$250&VLOOKUP!$B$4:$B$250,VLOOKUP!$D$4:$D$250,"0"))} -> 40
A66: Fatima | B66: A-Razzak | C66: Female | D66: 40325 | F66: 9 | G66: 2025 | H66: August | I66: 3 | AY66: =IF(OR(ISBLANK(U66), ISBLANK(AQ66)), "Incomplete", (60.7*AQ66)+(45.3*U66)-2055) -> Incomplete | BA66: =IF(OR(ISBLANK(U66), ISBLANK(AS66)), "Incomplete", (60.7*AS66)+(45.3*U66)-2055) -> Incomplete | BC66: =IF(OR(ISBLANK(U66), ISBLANK(AU66)), "Incomplete", (60.7*AU66)+(45.3*U66)-2055) -> Incomplete | BE66: =IF(OR(ISBLANK(U66), ISBLANK(AW66)), "Incomplete", (60.7*AW66)+(45.3*U66)-2055) -> Incomplete | BG66: 27 | BH66: 47.4 | BI66: =IF(OR(ISBLANK(BG66), ISBLANK(BH66)),"Incomplete",(SUM(BH66-BG66))) -> 20.4 | BW66: =IFERROR(SUM(BQ66+BR66+BS66)/(3*(T66-S66))*100, "Incomplete") -> Incomplete | BX66: =_xlfn.XLOOKUP(BW66,'Normative data'!$V$3:$V$6,'Normative data'!$W$3:$W$6,"Not Found",-1) -> Very low risk | BY66: =IFERROR(SUM(BT66+BU66+BV66)/(3*(T66-S66))*100, "Incomplete") -> Incomplete | BZ66: =_xlfn.XLOOKUP(BY66,'Normative data'!$V$3:$V$6,'Normative data'!$W$3:$W$6,"Not Found",-1) -> Very low risk | CE66: 12 | CH66: =_xlfn.XLOOKUP(CG66, 'Normative data'!$S$9:$S$15,'Normative data'!$T$9:$T$15, "Not Found", -1) -> not completed | CJ66: =_xlfn.XLOOKUP(CI66, 'Normative data'!$S$9:$S$15, 'Normative data'!$T$9:$T$15, "Not Found", -1) -> not completed | CK66: 2.29 | CL66: 4.37 | CN66: 7.18 | CO66: 6.96 | CR66: {=IF(OR(ISBLANK(E66),ISBLANK(CQ66)),"Incomplete",_xlfn.XLOOKUP(CQ66,_xlfn.XLOOKUP(E66,'Normative data'!$Y$3:$Y$6,'Normative data'!$Z$3:$AG$6,,-1),'Normative data'!$Z$2:$AG$2,"Not Found",-1))} -> Incomplete | CU66: {=_xlfn.XLOOKUP(CS66&CT66,(VLOOKUP!$A$3:$A$250)&(VLOOKUP!$B$3:$B$250),VLOOKUP!$C$3:$C$250,"Incomplete",-1)} -> Incomplete | CV66: {=_xlfn.XLOOKUP(CU66, _xlfn.XLOOKUP(E66, 'Normative data'!$Y$11:$Y$14, 'Normative data'!$Z$11:$AG$14, ,-1), 'Normative data'!$Z$10:$AG$10, "Not Found", -1)} -> Excellent | CW66: {=IF(OR(ISBLANK(CS66),ISBLANK(CT66)),"Incomplete",_xlfn.XLOOKUP(CS66&CT66,VLOOKUP!$A$4:$A$250&VLOOKUP!$B$4:$B$250,VLOOKUP!$D$4:$D$250,"0"))} -> Incomplete
A67: Chenia | B67: Ariana | C67: Female | F67: 8I | G67: 2026 | I67: 2 | AY67: =IF(OR(ISBLANK(U67), ISBLANK(AQ67)), "Incomplete", (60.7*AQ67)+(45.3*U67)-2055) -> Incomplete | BA67: =IF(OR(ISBLANK(U67), ISBLANK(AS67)), "Incomplete", (60.7*AS67)+(45.3*U67)-2055) -> Incomplete | BC67: =IF(OR(ISBLANK(U67), ISBLANK(AU67)), "Incomplete", (60.7*AU67)+(45.3*U67)-2055) -> Incomplete | BE67: =IF(OR(ISBLANK(U67), ISBLANK(AW67)), "Incomplete", (60.7*AW67)+(45.3*U67)-2055) -> Incomplete | BH67: 46.1 | BI67: =IF(OR(ISBLANK(BG67), ISBLANK(BH67)),"Incomplete",(SUM(BH67-BG67))) -> Incomplete | BK67: 4.5 | BM67: 6.5 | BW67: =IFERROR(SUM(BQ67+BR67+BS67)/(3*(T67-S67))*100, "Incomplete") -> Incomplete | BX67: =_xlfn.XLOOKUP(BW67,'Normative data'!$V$3:$V$6,'Normative data'!$W$3:$W$6,"Not Found",-1) -> Very low risk | BY67: =IFERROR(SUM(BT67+BU67+BV67)/(3*(T67-S67))*100, "Incomplete") -> Incomplete | BZ67: =_xlfn.XLOOKUP(BY67,'Normative data'!$V$3:$V$6,'Normative data'!$W$3:$W$6,"Not Found",-1) -> Very low risk | CG67: 19.48 | CH67: =_xlfn.XLOOKUP(CG67, 'Normative data'!$S$9:$S$15,'Normative data'!$T$9:$T$15, "Not Found", -1) -> Average | CI67: 19.37 | CJ67: =_xlfn.XLOOKUP(CI67, 'Normative data'!$S$9:$S$15, 'Normative data'!$T$9:$T$15, "Not Found", -1) -> Average | CK67: 2.09 | CL67: 4.78 | CN67: 6.91 | CO67: 7.24 | CQ67: 4.4 | CR67: {=IF(OR(ISBLANK(E67),ISBLANK(CQ67)),"Incomplete",_xlfn.XLOOKUP(CQ67,_xlfn.XLOOKUP(E67,'Normative data'!$Y$3:$Y$6,'Normative data'!$Z$3:$AG$6,,-1),'Normative data'!$Z$2:$AG$2,"Not Found",-1))} -> Incomplete | CS67: 4 | CT67: 4 | CU67: {=_xlfn.XLOOKUP(CS67&CT67,(VLOOKUP!$A$3:$A$250)&(VLOOKUP!$B$3:$B$250),VLOOKUP!$C$3:$C$250,"Incomplete",-1)} -> 540 | CV67: {=_xlfn.XLOOKUP(CU67, _xlfn.XLOOKUP(E67, 'Normative data'!$Y$11:$Y$14, 'Normative data'!$Z$11:$AG$14, ,-1), 'Normative data'!$Z$10:$AG$10, "Not Found", -1)} -> Very poor | CW67: {=IF(OR(ISBLANK(CS67),ISBLANK(CT67)),"Incomplete",_xlfn.XLOOKUP(CS67&CT67,VLOOKUP!$A$4:$A$250&VLOOKUP!$B$4:$B$250,VLOOKUP!$D$4:$D$250,"0"))} -> 28
A68: Daniels | B68: Ariana | C68: Female | D68: 40679 | E68: 14.9 | F68: 9E | G68: 2026 | I68: 2 | J68: Netball | K68: U/15 C | S68: 79.9 | T68: 157 | U68: 43.9 | V68: 25.5 | W68: 9.2 | X68: 34.7 | Y68: 18.6 | Z68: 17.8 | AA68: 20.9 | AB68: 5.07 | AC68: 98.6 | AD68: 5.1 | AE68: 99.2 | AF68: 1.6 | AG68: 80.9 | AH68: 1.6 | AI68: 80.9 | AJ68: 342.7 | AK68: 337.4 | AL68: 307.2 | AM68: 304.2 | AN68: 96 | AO68: 0.83 | AP68: 5.3 | AQ68: 26.6 | AR68: 0.466 | AS68: 32 | AT68: 0.511 | AU68: 14.8 | AV68: 0.347 | AW68: 19.7 | AX68: 0.401 | AY68: =IF(OR(ISBLANK(U68), ISBLANK(AQ68)), "Incomplete", (60.7*AQ68)+(45.3*U68)-2055) -> 1548.29 | BA68: =IF(OR(ISBLANK(U68), ISBLANK(AS68)), "Incomplete", (60.7*AS68)+(45.3*U68)-2055) -> 1876.07 | BC68: =IF(OR(ISBLANK(U68), ISBLANK(AU68)), "Incomplete", (60.7*AU68)+(45.3*U68)-2055) -> 832.03 | BE68: =IF(OR(ISBLANK(U68), ISBLANK(AW68)), "Incomplete", (60.7*AW68)+(45.3*U68)-2055) -> 1129.46 | BG68: 16.5 | BH68: 46 | BI68: =IF(OR(ISBLANK(BG68), ISBLANK(BH68)),"Incomplete",(SUM(BH68-BG68))) -> 29.5 | BK68: 14.7 | BM68: 15.6 | BO68: 38 | BP68: 40.6 | BQ68: 80 | BR68: 91 | BS68: 86 | BT68: 80 | BU68: 93 | BV68: 93 | BW68: =IFERROR(SUM(BQ68+BR68+BS68)/(3*(T68-S68))*100, "Incomplete") -> 111.11111 | BX68: =_xlfn.XLOOKUP(BW68,'Normative data'!$V$3:$V$6,'Normative data'!$W$3:$W$6,"Not Found",-1) -> Low risk | BY68: =IFERROR(SUM(BT68+BU68+BV68)/(3*(T68-S68))*100, "Incomplete") -> 115.00216 | BZ68: =_xlfn.XLOOKUP(BY68,'Normative data'!$V$3:$V$6,'Normative data'!$W$3:$W$6,"Not Found",-1) -> Low risk | CA68: 31 | CE68: 3 | CG68: 19.24 | CH68: =_xlfn.XLOOKUP(CG68, 'Normative data'!$S$9:$S$15,'Normative data'!$T$9:$T$15, "Not Found", -1) -> Average | CI68: 19.22 | CJ68: =_xlfn.XLOOKUP(CI68, 'Normative data'!$S$9:$S$15, 'Normative data'!$T$9:$T$15, "Not Found", -1) -> Average | CK68: 2.05 | CL68: 4.88 | CN68: 6.32 | CO68: 7.91 | CQ68: 7.5 | CR68: {=IF(OR(ISBLANK(E68),ISBLANK(CQ68)),"Incomplete",_xlfn.XLOOKUP(CQ68,_xlfn.XLOOKUP(E68,'Normative data'!$Y$3:$Y$6,'Normative data'!$Z$3:$AG$6,,-1),'Normative data'!$Z$2:$AG$2,"Not Found",-1))} -> Average | CS68: 7 | CT68: 5 | CU68: {=_xlfn.XLOOKUP(CS68&CT68,(VLOOKUP!$A$3:$A$250)&(VLOOKUP!$B$3:$B$250),VLOOKUP!$C$3:$C$250,"Incomplete",-1)} -> 1120 | CV68: {=_xlfn.XLOOKUP(CU68, _xlfn.XLOOKUP(E68, 'Normative data'!$Y$11:$Y$14, 'Normative data'!$Z$11:$AG$14, ,-1), 'Normative data'!$Z$10:$AG$10, "Not Found", -1)} -> Average | CW68: {=IF(OR(ISBLANK(CS68),ISBLANK(CT68)),"Incomplete",_xlfn.XLOOKUP(CS68&CT68,VLOOKUP!$A$4:$A$250&VLOOKUP!$B$4:$B$250,VLOOKUP!$D$4:$D$250,"0"))} -> 38
A69: Salie | B69: Ariana | C69: Female | F69: 8E | G69: 2026 | I69: 2 | S69: 73.2 | T69: 142.9 | AY69: =IF(OR(ISBLANK(U69), ISBLANK(AQ69)), "Incomplete", (60.7*AQ69)+(45.3*U69)-2055) -> Incomplete | BA69: =IF(OR(ISBLANK(U69), ISBLANK(AS69)), "Incomplete", (60.7*AS69)+(45.3*U69)-2055) -> Incomplete | BC69: =IF(OR(ISBLANK(U69), ISBLANK(AU69)), "Incomplete", (60.7*AU69)+(45.3*U69)-2055) -> Incomplete | BE69: =IF(OR(ISBLANK(U69), ISBLANK(AW69)), "Incomplete", (60.7*AW69)+(45.3*U69)-2055) -> Incomplete | BH69: 41 | BI69: =IF(OR(ISBLANK(BG69), ISBLANK(BH69)),"Incomplete",(SUM(BH69-BG69))) -> Incomplete | BK69: 13.2 | BM69: 13.4 | BW69: =IFERROR(SUM(BQ69+BR69+BS69)/(3*(T69-S69))*100, "Incomplete") -> 0 | BX69: =_xlfn.XLOOKUP(BW69,'Normative data'!$V$3:$V$6,'Normative data'!$W$3:$W$6,"Not Found",-1) -> Not completed | BY69: =IFERROR(SUM(BT69+BU69+BV69)/(3*(T69-S69))*100, "Incomplete") -> 0 | BZ69: =_xlfn.XLOOKUP(BY69,'Normative data'!$V$3:$V$6,'Normative data'!$W$3:$W$6,"Not Found",-1) -> Not completed | CE69: 7 | CH69: =_xlfn.XLOOKUP(CG69, 'Normative data'!$S$9:$S$15,'Normative data'!$T$9:$T$15, "Not Found", -1) -> not completed | CJ69: =_xlfn.XLOOKUP(CI69, 'Normative data'!$S$9:$S$15, 'Normative data'!$T$9:$T$15, "Not Found", -1) -> not completed | CK69: 2.41 | CL69: 4.15 | CN69: 8 | CO69: 6.25 | CQ69: 3.3 | CR69: {=IF(OR(ISBLANK(E69),ISBLANK(CQ69)),"Incomplete",_xlfn.XLOOKUP(CQ69,_xlfn.XLOOKUP(E69,'Normative data'!$Y$3:$Y$6,'Normative data'!$Z$3:$AG$6,,-1),'Normative data'!$Z$2:$AG$2,"Not Found",-1))} -> Incomplete | CS69: 3 | CT69: 3 | CU69: {=_xlfn.XLOOKUP(CS69&CT69,(VLOOKUP!$A$3:$A$250)&(VLOOKUP!$B$3:$B$250),VLOOKUP!$C$3:$C$250,"Incomplete",-1)} -> 360 | CV69: {=_xlfn.XLOOKUP(CU69, _xlfn.XLOOKUP(E69, 'Normative data'!$Y$11:$Y$14, 'Normative data'!$Z$11:$AG$14, ,-1), 'Normative data'!$Z$10:$AG$10, "Not Found", -1)} -> Very poor | CW69: {=IF(OR(ISBLANK(CS69),ISBLANK(CT69)),"Incomplete",_xlfn.XLOOKUP(CS69&CT69,VLOOKUP!$A$4:$A$250&VLOOKUP!$B$4:$B$250,VLOOKUP!$D$4:$D$250,"0"))} -> 24
A70: Murray | B70: Ariella | C70: Female | D70: 40734 | E70: 14.5 | F70: 9A | G70: 2026 | I70: 2 | J70: Netball | K70: U/15 D | S70: 80.8 | T70: 158.2 | U70: 55.4 | V70: 30.9 | W70: 13.2 | X70: 42.2 | Y70: 23.2 | Z70: 22.1 | AA70: 23.8 | AB70: 6.3 | AC70: 107.8 | AD70: 6.28 | AE70: 107.4 | AF70: 2.2 | AG70: 104.8 | AH70: 2.2 | AI70: 104.7 | AJ70: 289.2 | AK70: 290.5 | AL70: 255 | AM70: 255.6 | AN70: 94 | AO70: 0.81 | AP70: 6.6 | AY70: =IF(OR(ISBLANK(U70), ISBLANK(AQ70)), "Incomplete", (60.7*AQ70)+(45.3*U70)-2055) -> Incomplete | BA70: =IF(OR(ISBLANK(U70), ISBLANK(AS70)), "Incomplete", (60.7*AS70)+(45.3*U70)-2055) -> Incomplete | BC70: =IF(OR(ISBLANK(U70), ISBLANK(AU70)), "Incomplete", (60.7*AU70)+(45.3*U70)-2055) -> Incomplete | BE70: =IF(OR(ISBLANK(U70), ISBLANK(AW70)), "Incomplete", (60.7*AW70)+(45.3*U70)-2055) -> Incomplete | BG70: 11.5 | BH70: 48.3 | BI70: =IF(OR(ISBLANK(BG70), ISBLANK(BH70)),"Incomplete",(SUM(BH70-BG70))) -> 36.8 | BW70: =IFERROR(SUM(BQ70+BR70+BS70)/(3*(T70-S70))*100, "Incomplete") -> 0 | BX70: =_xlfn.XLOOKUP(BW70,'Normative data'!$V$3:$V$6,'Normative data'!$W$3:$W$6,"Not Found",-1) -> Not completed | BY70: =IFERROR(SUM(BT70+BU70+BV70)/(3*(T70-S70))*100, "Incomplete") -> 0 | BZ70: =_xlfn.XLOOKUP(BY70,'Normative data'!$V$3:$V$6,'Normative data'!$W$3:$W$6,"Not Found",-1) -> Not completed | CA70: 30 | CE70: 10 | CH70: =_xlfn.XLOOKUP(CG70, 'Normative data'!$S$9:$S$15,'Normative data'!$T$9:$T$15, "Not Found", -1) -> not completed | CJ70: =_xlfn.XLOOKUP(CI70, 'Normative data'!$S$9:$S$15, 'Normative data'!$T$9:$T$15, "Not Found", -1) -> not completed | CK70: 2.07 | CL70: 4.83 | CN70: 6.49 | CO70: 7.7 | CR70: {=IF(OR(ISBLANK(E70),ISBLANK(CQ70)),"Incomplete",_xlfn.XLOOKUP(CQ70,_xlfn.XLOOKUP(E70,'Normative data'!$Y$3:$Y$6,'Normative data'!$Z$3:$AG$6,,-1),'Normative data'!$Z$2:$AG$2,"Not Found",-1))} -> Incomplete | CU70: {=_xlfn.XLOOKUP(CS70&CT70,(VLOOKUP!$A$3:$A$250)&(VLOOKUP!$B$3:$B$250),VLOOKUP!$C$3:$C$250,"Incomplete",-1)} -> Incomplete | CV70: {=_xlfn.XLOOKUP(CU70, _xlfn.XLOOKUP(E70, 'Normative data'!$Y$11:$Y$14, 'Normative data'!$Z$11:$AG$14, ,-1), 'Normative data'!$Z$10:$AG$10, "Not Found", -1)} -> Excellent | CW70: {=IF(OR(ISBLANK(CS70),ISBLANK(CT70)),"Incomplete",_xlfn.XLOOKUP(CS70&CT70,VLOOKUP!$A$4:$A$250&VLOOKUP!$B$4:$B$250,VLOOKUP!$D$4:$D$250,"0"))} -> Incomplete
A71: Layyah | B71: Arnold | C71: Female | D71: 40305 | F71: 9 | G71: 2025 | H71: January | I71: 1 | AY71: =IF(OR(ISBLANK(U71), ISBLANK(AQ71)), "Incomplete", (60.7*AQ71)+(45.3*U71)-2055) -> Incomplete | BA71: =IF(OR(ISBLANK(U71), ISBLANK(AS71)), "Incomplete", (60.7*AS71)+(45.3*U71)-2055) -> Incomplete | BC71: =IF(OR(ISBLANK(U71), ISBLANK(AU71)), "Incomplete", (60.7*AU71)+(45.3*U71)-2055) -> Incomplete | BE71: =IF(OR(ISBLANK(U71), ISBLANK(AW71)), "Incomplete", (60.7*AW71)+(45.3*U71)-2055) -> Incomplete | BG71: 7 | BH71: 25 | BI71: =IF(OR(ISBLANK(BG71), ISBLANK(BH71)),"Incomplete",(SUM(BH71-BG71))) -> 18 | BK71: 6.5 | BM71: 6.4 | BW71: =IFERROR(SUM(BQ71+BR71+BS71)/(3*(T71-S71))*100, "Incomplete") -> Incomplete | BX71: =_xlfn.XLOOKUP(BW71,'Normative data'!$V$3:$V$6,'Normative data'!$W$3:$W$6,"Not Found",-1) -> Very low risk | BY71: =IFERROR(SUM(BT71+BU71+BV71)/(3*(T71-S71))*100, "Incomplete") -> Incomplete | BZ71: =_xlfn.XLOOKUP(BY71,'Normative data'!$V$3:$V$6,'Normative data'!$W$3:$W$6,"Not Found",-1) -> Very low risk | CE71: 1 | CH71: =_xlfn.XLOOKUP(CG71, 'Normative data'!$S$9:$S$15,'Normative data'!$T$9:$T$15, "Not Found", -1) -> not completed | CJ71: =_xlfn.XLOOKUP(CI71, 'Normative data'!$S$9:$S$15, 'Normative data'!$T$9:$T$15, "Not Found", -1) -> not completed | CK71: 2.16 | CL71: 4.63 | CN71: 7.52 | CO71: 6.65 | CR71: {=IF(OR(ISBLANK(E71),ISBLANK(CQ71)),"Incomplete",_xlfn.XLOOKUP(CQ71,_xlfn.XLOOKUP(E71,'Normative data'!$Y$3:$Y$6,'Normative data'!$Z$3:$AG$6,,-1),'Normative data'!$Z$2:$AG$2,"Not Found",-1))} -> Incomplete | CU71: {=_xlfn.XLOOKUP(CS71&CT71,(VLOOKUP!$A$3:$A$250)&(VLOOKUP!$B$3:$B$250),VLOOKUP!$C$3:$C$250,"Incomplete",-1)} -> Incomplete | CV71: {=_xlfn.XLOOKUP(CU71, _xlfn.XLOOKUP(E71, 'Normative data'!$Y$11:$Y$14, 'Normative data'!$Z$11:$AG$14, ,-1), 'Normative data'!$Z$10:$AG$10, "Not Found", -1)} -> Excellent | CW71: {=IF(OR(ISBLANK(CS71),ISBLANK(CT71)),"Incomplete",_xlfn.XLOOKUP(CS71&CT71,VLOOKUP!$A$4:$A$250&VLOOKUP!$B$4:$B$250,VLOOKUP!$D$4:$D$250,"0"))} -> Incomplete
A72: Layyan | B72: Arnold | C72: Female | D72: 40305 | F72: 9 | G72: 2025 | H72: August | I72: 3 | AY72: =IF(OR(ISBLANK(U72), ISBLANK(AQ72)), "Incomplete", (60.7*AQ72)+(45.3*U72)-2055) -> Incomplete | BA72: =IF(OR(ISBLANK(U72), ISBLANK(AS72)), "Incomplete", (60.7*AS72)+(45.3*U72)-2055) -> Incomplete | BC72: =IF(OR(ISBLANK(U72), ISBLANK(AU72)), "Incomplete", (60.7*AU72)+(45.3*U72)-2055) -> Incomplete | BE72: =IF(OR(ISBLANK(U72), ISBLANK(AW72)), "Incomplete", (60.7*AW72)+(45.3*U72)-2055) -> Incomplete | BI72: =IF(OR(ISBLANK(BG72), ISBLANK(BH72)),"Incomplete",(SUM(BH72-BG72))) -> Incomplete | BW72: =IFERROR(SUM(BQ72+BR72+BS72)/(3*(T72-S72))*100, "Incomplete") -> Incomplete | BX72: =_xlfn.XLOOKUP(BW72,'Normative data'!$V$3:$V$6,'Normative data'!$W$3:$W$6,"Not Found",-1) -> Very low risk | BY72: =IFERROR(SUM(BT72+BU72+BV72)/(3*(T72-S72))*100, "Incomplete") -> Incomplete | BZ72: =_xlfn.XLOOKUP(BY72,'Normative data'!$V$3:$V$6,'Normative data'!$W$3:$W$6,"Not Found",-1) -> Very low risk | CH72: =_xlfn.XLOOKUP(CG72, 'Normative data'!$S$9:$S$15,'Normative data'!$T$9:$T$15, "Not Found", -1) -> not completed | CJ72: =_xlfn.XLOOKUP(CI72, 'Normative data'!$S$9:$S$15, 'Normative data'!$T$9:$T$15, "Not Found", -1) -> not completed | CK72: 3.22 | CL72: 3.11 | CN72: 8.56 | CO72: 5.84 | CR72: {=IF(OR(ISBLANK(E72),ISBLANK(CQ72)),"Incomplete",_xlfn.XLOOKUP(CQ72,_xlfn.XLOOKUP(E72,'Normative data'!$Y$3:$Y$6,'Normative data'!$Z$3:$AG$6,,-1),'Normative data'!$Z$2:$AG$2,"Not Found",-1))} -> Incomplete | CU72: {=_xlfn.XLOOKUP(CS72&CT72,(VLOOKUP!$A$3:$A$250)&(VLOOKUP!$B$3:$B$250),VLOOKUP!$C$3:$C$250,"Incomplete",-1)} -> Incomplete | CV72: {=_xlfn.XLOOKUP(CU72, _xlfn.XLOOKUP(E72, 'Normative data'!$Y$11:$Y$14, 'Normative data'!$Z$11:$AG$14, ,-1), 'Normative data'!$Z$10:$AG$10, "Not Found", -1)} -> Excellent | CW72: {=IF(OR(ISBLANK(CS72),ISBLANK(CT72)),"Incomplete",_xlfn.XLOOKUP(CS72&CT72,VLOOKUP!$A$4:$A$250&VLOOKUP!$B$4:$B$250,VLOOKUP!$D$4:$D$250,"0"))} -> Incomplete
A73: Chagan | B73: Arya | C73: Female | D73: 40478 | E73: 15.5 | F73: 9D | G73: 2026 | I73: 2 | J73: Netball | K73: U/15 E | S73: 77.7 | T73: 154.7 | U73: 39.3 | V73: 22.5 | W73: 8.5 | X73: 30.8 | Y73: 16 | Z73: 16.4 | AA73: 21.6 | AB73: 4.14 | AC73: 88.8 | AD73: 4.14 | AE73: 88.9 | AF73: 1.4 | AG73: 82.4 | AH73: 1.4 | AI73: 82.5 | AJ73: 426.1 | AK73: 427.4 | AL73: 386 | AM73: 388.4 | AN73: 81 | AO73: 0.83 | AP73: 4.4 | AQ73: 20.2 | AR73: 0.406 | AS73: 20.7 | AT73: 0.411 | AU73: 7.4 | AV73: 0.245 | AW73: 7.8 | AX73: 0.253 | AY73: =IF(OR(ISBLANK(U73), ISBLANK(AQ73)), "Incomplete", (60.7*AQ73)+(45.3*U73)-2055) -> 951.43 | BA73: =IF(OR(ISBLANK(U73), ISBLANK(AS73)), "Incomplete", (60.7*AS73)+(45.3*U73)-2055) -> 981.78 | BC73: =IF(OR(ISBLANK(U73), ISBLANK(AU73)), "Incomplete", (60.7*AU73)+(45.3*U73)-2055) -> 174.47 | BE73: =IF(OR(ISBLANK(U73), ISBLANK(AW73)), "Incomplete", (60.7*AW73)+(45.3*U73)-2055) -> 198.75 | BG73: 11 | BH73: 10 | BI73: =IF(OR(ISBLANK(BG73), ISBLANK(BH73)),"Incomplete",(SUM(BH73-BG73))) -> -1 | BK73: 10 | BM73: 8 | BO73: 38 | BP73: 38.5 | BQ73: 74 | BR73: 72 | BS73: 67 | BT73: 72 | BU73: 70 | BV73: 72 | BW73: =IFERROR(SUM(BQ73+BR73+BS73)/(3*(T73-S73))*100, "Incomplete") -> 92.207792 | BX73: =_xlfn.XLOOKUP(BW73,'Normative data'!$V$3:$V$6,'Normative data'!$W$3:$W$6,"Not Found",-1) -> High risk | BY73: =IFERROR(SUM(BT73+BU73+BV73)/(3*(T73-S73))*100, "Incomplete") -> 92.640693 | BZ73: =_xlfn.XLOOKUP(BY73,'Normative data'!$V$3:$V$6,'Normative data'!$W$3:$W$6,"Not Found",-1) -> High risk | CA73: 26 | CE73: 6 | CH73: =_xlfn.XLOOKUP(CG73, 'Normative data'!$S$9:$S$15,'Normative data'!$T$9:$T$15, "Not Found", -1) -> not completed | CJ73: =_xlfn.XLOOKUP(CI73, 'Normative data'!$S$9:$S$15, 'Normative data'!$T$9:$T$15, "Not Found", -1) -> not completed | CK73: 2.41 | CL73: 4.15 | CN73: 8.18 | CO73: 6.11 | CQ73: 4.4 | CR73: {=IF(OR(ISBLANK(E73),ISBLANK(CQ73)),"Incomplete",_xlfn.XLOOKUP(CQ73,_xlfn.XLOOKUP(E73,'Normative data'!$Y$3:$Y$6,'Normative data'!$Z$3:$AG$6,,-1),'Normative data'!$Z$2:$AG$2,"Not Found",-1))} -> Poor | CS73: 4 | CT73: 4 | CU73: {=_xlfn.XLOOKUP(CS73&CT73,(VLOOKUP!$A$3:$A$250)&(VLOOKUP!$B$3:$B$250),VLOOKUP!$C$3:$C$250,"Incomplete",-1)} -> 540 | CV73: {=_xlfn.XLOOKUP(CU73, _xlfn.XLOOKUP(E73, 'Normative data'!$Y$11:$Y$14, 'Normative data'!$Z$11:$AG$14, ,-1), 'Normative data'!$Z$10:$AG$10, "Not Found", -1)} -> Poor | CW73: {=IF(OR(ISBLANK(CS73),ISBLANK(CT73)),"Incomplete",_xlfn.XLOOKUP(CS73&CT73,VLOOKUP!$A$4:$A$250&VLOOKUP!$B$4:$B$250,VLOOKUP!$D$4:$D$250,"0"))} -> 28
A74: Cloete-Hopkins | B74: Aryana | C74: Female | F74: 10D | G74: 2026 | I74: 2 | S74: 93.2 | T74: 179.8 | AY74: =IF(OR(ISBLANK(U74), ISBLANK(AQ74)), "Incomplete", (60.7*AQ74)+(45.3*U74)-2055) -> Incomplete | BA74: =IF(OR(ISBLANK(U74), ISBLANK(AS74)), "Incomplete", (60.7*AS74)+(45.3*U74)-2055) -> Incomplete | BC74: =IF(OR(ISBLANK(U74), ISBLANK(AU74)), "Incomplete", (60.7*AU74)+(45.3*U74)-2055) -> Incomplete | BE74: =IF(OR(ISBLANK(U74), ISBLANK(AW74)), "Incomplete", (60.7*AW74)+(45.3*U74)-2055) -> Incomplete | BG74: 7.4 | BH74: 32.8 | BI74: =IF(OR(ISBLANK(BG74), ISBLANK(BH74)),"Incomplete",(SUM(BH74-BG74))) -> 25.4 | BQ74: 88 | BR74: 94 | BS74: 83 | BT74: 87 | BU74: 88 | BV74: 86 | BW74: =IFERROR(SUM(BQ74+BR74+BS74)/(3*(T74-S74))*100, "Incomplete") -> 102.00154 | BX74: =_xlfn.XLOOKUP(BW74,'Normative data'!$V$3:$V$6,'Normative data'!$W$3:$W$6,"Not Found",-1) -> Low risk | BY74: =IFERROR(SUM(BT74+BU74+BV74)/(3*(T74-S74))*100, "Incomplete") -> 100.46189 | BZ74: =_xlfn.XLOOKUP(BY74,'Normative data'!$V$3:$V$6,'Normative data'!$W$3:$W$6,"Not Found",-1) -> Low risk | CE74: 27 | CG74: 18.89 | CH74: =_xlfn.XLOOKUP(CG74, 'Normative data'!$S$9:$S$15,'Normative data'!$T$9:$T$15, "Not Found", -1) -> Average | CI74: 19.15 | CJ74: =_xlfn.XLOOKUP(CI74, 'Normative data'!$S$9:$S$15, 'Normative data'!$T$9:$T$15, "Not Found", -1) -> Average | CK74: 2.28 | CL74: 4.39 | CN74: 7.31 | CO74: 6.84 | CR74: {=IF(OR(ISBLANK(E74),ISBLANK(CQ74)),"Incomplete",_xlfn.XLOOKUP(CQ74,_xlfn.XLOOKUP(E74,'Normative data'!$Y$3:$Y$6,'Normative data'!$Z$3:$AG$6,,-1),'Normative data'!$Z$2:$AG$2,"Not Found",-1))} -> Incomplete | CU74: {=_xlfn.XLOOKUP(CS74&CT74,(VLOOKUP!$A$3:$A$250)&(VLOOKUP!$B$3:$B$250),VLOOKUP!$C$3:$C$250,"Incomplete",-1)} -> Incomplete | CV74: {=_xlfn.XLOOKUP(CU74, _xlfn.XLOOKUP(E74, 'Normative data'!$Y$11:$Y$14, 'Normative data'!$Z$11:$AG$14, ,-1), 'Normative data'!$Z$10:$AG$10, "Not Found", -1)} -> Excellent | CW74: {=IF(OR(ISBLANK(CS74),ISBLANK(CT74)),"Incomplete",_xlfn.XLOOKUP(CS74&CT74,VLOOKUP!$A$4:$A$250&VLOOKUP!$B$4:$B$250,VLOOKUP!$D$4:$D$250,"0"))} -> Incomplete
A75: Alexa | B75: Ashaba | C75: Female | F75: 10 | G75: 2025 | H75: January | I75: 1 | J75: Squash | P75: Squash | AY75: =IF(OR(ISBLANK(U75), ISBLANK(AQ75)), "Incomplete", (60.7*AQ75)+(45.3*U75)-2055) -> Incomplete | BA75: =IF(OR(ISBLANK(U75), ISBLANK(AS75)), "Incomplete", (60.7*AS75)+(45.3*U75)-2055) -> Incomplete | BC75: =IF(OR(ISBLANK(U75), ISBLANK(AU75)), "Incomplete", (60.7*AU75)+(45.3*U75)-2055) -> Incomplete | BE75: =IF(OR(ISBLANK(U75), ISBLANK(AW75)), "Incomplete", (60.7*AW75)+(45.3*U75)-2055) -> Incomplete | BG75: 10 | BH75: 29.2 | BI75: =IF(OR(ISBLANK(BG75), ISBLANK(BH75)),"Incomplete",(SUM(BH75-BG75))) -> 19.2 | BK75: 7 | BM75: 8 | BW75: =IFERROR(SUM(BQ75+BR75+BS75)/(3*(T75-S75))*100, "Incomplete") -> Incomplete | BX75: =_xlfn.XLOOKUP(BW75,'Normative data'!$V$3:$V$6,'Normative data'!$W$3:$W$6,"Not Found",-1) -> Very low risk | BY75: =IFERROR(SUM(BT75+BU75+BV75)/(3*(T75-S75))*100, "Incomplete") -> Incomplete | BZ75: =_xlfn.XLOOKUP(BY75,'Normative data'!$V$3:$V$6,'Normative data'!$W$3:$W$6,"Not Found",-1) -> Very low risk | CH75: =_xlfn.XLOOKUP(CG75, 'Normative data'!$S$9:$S$15,'Normative data'!$T$9:$T$15, "Not Found", -1) -> not completed | CJ75: =_xlfn.XLOOKUP(CI75, 'Normative data'!$S$9:$S$15, 'Normative data'!$T$9:$T$15, "Not Found", -1) -> not completed | CK75: 2.59 | CL75: 3.86 | CN75: 8.88 | CO75: 5.63 | CR75: {=IF(OR(ISBLANK(E75),ISBLANK(CQ75)),"Incomplete",_xlfn.XLOOKUP(CQ75,_xlfn.XLOOKUP(E75,'Normative data'!$Y$3:$Y$6,'Normative data'!$Z$3:$AG$6,,-1),'Normative data'!$Z$2:$AG$2,"Not Found",-1))} -> Incomplete | CU75: {=_xlfn.XLOOKUP(CS75&CT75,(VLOOKUP!$A$3:$A$250)&(VLOOKUP!$B$3:$B$250),VLOOKUP!$C$3:$C$250,"Incomplete",-1)} -> Incomplete | CV75: {=_xlfn.XLOOKUP(CU75, _xlfn.XLOOKUP(E75, 'Normative data'!$Y$11:$Y$14, 'Normative data'!$Z$11:$AG$14, ,-1), 'Normative data'!$Z$10:$AG$10, "Not Found", -1)} -> Excellent | CW75: {=IF(OR(ISBLANK(CS75),ISBLANK(CT75)),"Incomplete",_xlfn.XLOOKUP(CS75&CT75,VLOOKUP!$A$4:$A$250&VLOOKUP!$B$4:$B$250,VLOOKUP!$D$4:$D$250,"0"))} -> Incomplete
A76: Alexa | B76: Ashaba | C76: Female | F76: 10 | G76: 2025 | H76: August | I76: 3 | J76: Squash | AY76: =IF(OR(ISBLANK(U76), ISBLANK(AQ76)), "Incomplete", (60.7*AQ76)+(45.3*U76)-2055) -> Incomplete | BA76: =IF(OR(ISBLANK(U76), ISBLANK(AS76)), "Incomplete", (60.7*AS76)+(45.3*U76)-2055) -> Incomplete | BC76: =IF(OR(ISBLANK(U76), ISBLANK(AU76)), "Incomplete", (60.7*AU76)+(45.3*U76)-2055) -> Incomplete | BE76: =IF(OR(ISBLANK(U76), ISBLANK(AW76)), "Incomplete", (60.7*AW76)+(45.3*U76)-2055) -> Incomplete | BI76: =IF(OR(ISBLANK(BG76), ISBLANK(BH76)),"Incomplete",(SUM(BH76-BG76))) -> Incomplete | BW76: =IFERROR(SUM(BQ76+BR76+BS76)/(3*(T76-S76))*100, "Incomplete") -> Incomplete | BX76: =_xlfn.XLOOKUP(BW76,'Normative data'!$V$3:$V$6,'Normative data'!$W$3:$W$6,"Not Found",-1) -> Very low risk | BY76: =IFERROR(SUM(BT76+BU76+BV76)/(3*(T76-S76))*100, "Incomplete") -> Incomplete | BZ76: =_xlfn.XLOOKUP(BY76,'Normative data'!$V$3:$V$6,'Normative data'!$W$3:$W$6,"Not Found",-1) -> Very low risk | CH76: =_xlfn.XLOOKUP(CG76, 'Normative data'!$S$9:$S$15,'Normative data'!$T$9:$T$15, "Not Found", -1) -> not completed | CJ76: =_xlfn.XLOOKUP(CI76, 'Normative data'!$S$9:$S$15, 'Normative data'!$T$9:$T$15, "Not Found", -1) -> not completed | CK76: 2.07 | CL76: 3.70 | CN76: 8.95 | CO76: 5.59 | CR76: {=IF(OR(ISBLANK(E76),ISBLANK(CQ76)),"Incomplete",_xlfn.XLOOKUP(CQ76,_xlfn.XLOOKUP(E76,'Normative data'!$Y$3:$Y$6,'Normative data'!$Z$3:$AG$6,,-1),'Normative data'!$Z$2:$AG$2,"Not Found",-1))} -> Incomplete | CU76: {=_xlfn.XLOOKUP(CS76&CT76,(VLOOKUP!$A$3:$A$250)&(VLOOKUP!$B$3:$B$250),VLOOKUP!$C$3:$C$250,"Incomplete",-1)} -> Incomplete | CV76: {=_xlfn.XLOOKUP(CU76, _xlfn.XLOOKUP(E76, 'Normative data'!$Y$11:$Y$14, 'Normative data'!$Z$11:$AG$14, ,-1), 'Normative data'!$Z$10:$AG$10, "Not Found", -1)} -> Excellent | CW76: {=IF(OR(ISBLANK(CS76),ISBLANK(CT76)),"Incomplete",_xlfn.XLOOKUP(CS76&CT76,VLOOKUP!$A$4:$A$250&VLOOKUP!$B$4:$B$250,VLOOKUP!$D$4:$D$250,"0"))} -> Incomplete
A77: Sarah | B77: Ashbolt | C77: Female | D77: 39589 | F77: 11 | G77: 2025 | H77: January | I77: 1 | J77: Hockey | P77: Hockey | T77: 163.7 | U77: 53.1 | W77: 9.7 | X77: =SUM(T77-W77) -> 154 | Y77: 23.9 | Z77: 19.8 | AA77: 18.2 | AQ77: 37.2 | AR77: 0.551 | AS77: 40.2 | AT77: 0.573 | AU77: 21.4 | AV77: 0.418 | AW77: 22.9 | AX77: 0.432 | AY77: =IF(OR(ISBLANK(U77), ISBLANK(AQ77)), "Incomplete", (60.7*AQ77)+(45.3*U77)-2055) -> 2608.47 | BA77: =IF(OR(ISBLANK(U77), ISBLANK(AS77)), "Incomplete", (60.7*AS77)+(45.3*U77)-2055) -> 2790.57 | BC77: =IF(OR(ISBLANK(U77), ISBLANK(AU77)), "Incomplete", (60.7*AU77)+(45.3*U77)-2055) -> 1649.41 | BE77: =IF(OR(ISBLANK(U77), ISBLANK(AW77)), "Incomplete", (60.7*AW77)+(45.3*U77)-2055) -> 1740.46 | BG77: 15 | BH77: 38 | BI77: =IF(OR(ISBLANK(#REF!), ISBLANK(#REF!)),"Incomplete",(SUM(#REF!-#REF!))) -> #REF! | BK77: 6 | BM77: 9 | BW77: =IFERROR(SUM(BQ77+BR77+BS77)/(3*(T77-S77))*100, "Incomplete") -> 0 | BX77: =_xlfn.XLOOKUP(BW77,'Normative data'!$V$3:$V$6,'Normative data'!$W$3:$W$6,"Not Found",-1) -> Not completed | BY77: =IFERROR(SUM(BT77+BU77+BV77)/(3*(T77-S77))*100, "Incomplete") -> 0 | BZ77: =_xlfn.XLOOKUP(BY77,'Normative data'!$V$3:$V$6,'Normative data'!$W$3:$W$6,"Not Found",-1) -> Not completed | CE77: 3 | CH77: =_xlfn.XLOOKUP(CG77, 'Normative data'!$S$9:$S$15,'Normative data'!$T$9:$T$15, "Not Found", -1) -> not completed | CJ77: =_xlfn.XLOOKUP(CI77, 'Normative data'!$S$9:$S$15, 'Normative data'!$T$9:$T$15, "Not Found", -1) -> not completed | CK77: 1.95 | CL77: 5.13 | CN77: 5.93 | CO77: 8.43 | CR77: {=IF(OR(ISBLANK(E77),ISBLANK(CQ77)),"Incomplete",_xlfn.XLOOKUP(CQ77,_xlfn.XLOOKUP(E77,'Normative data'!$Y$3:$Y$6,'Normative data'!$Z$3:$AG$6,,-1),'Normative data'!$Z$2:$AG$2,"Not Found",-1))} -> Incomplete | CU77: {=_xlfn.XLOOKUP(CS77&CT77,(VLOOKUP!$A$3:$A$250)&(VLOOKUP!$B$3:$B$250),VLOOKUP!$C$3:$C$250,"Incomplete",-1)} -> Incomplete | CV77: {=_xlfn.XLOOKUP(CU77, _xlfn.XLOOKUP(E77, 'Normative data'!$Y$11:$Y$14, 'Normative data'!$Z$11:$AG$14, ,-1), 'Normative data'!$Z$10:$AG$10, "Not Found", -1)} -> Excellent | CW77: {=IF(OR(ISBLANK(CS77),ISBLANK(CT77)),"Incomplete",_xlfn.XLOOKUP(CS77&CT77,VLOOKUP!$A$4:$A$250&VLOOKUP!$B$4:$B$250,VLOOKUP!$D$4:$D$250,"0"))} -> Incomplete
A78: Sarah | B78: Ashbolt | C78: Female | D78: 39589 | F78: 11 | G78: 2025 | H78: August | I78: 3 | T78: 163.3 | U78: 52.2 | AQ78: 31.1 | AR78: 0.52 | AS78: 39.4 | AT78: 0.567 | AU78: 21.8 | AV78: 0.421 | AW78: 21.7 | AX78: 0.421 | AY78: =IF(OR(ISBLANK(#REF!), ISBLANK(AQ78)), "Incomplete", (60.7*AQ78)+(45.3*#REF!)-2055) -> #REF! | BA78: =IF(OR(ISBLANK(#REF!), ISBLANK(AS78)), "Incomplete", (60.7*AS78)+(45.3*#REF!)-2055) -> #REF! | BC78: =IF(OR(ISBLANK(#REF!), ISBLANK(AU78)), "Incomplete", (60.7*AU78)+(45.3*#REF!)-2055) -> #REF! | BE78: =IF(OR(ISBLANK(#REF!), ISBLANK(AW78)), "Incomplete", (60.7*AW78)+(45.3*#REF!)-2055) -> #REF! | BI78: =IF(OR(ISBLANK(BG78), ISBLANK(BH78)),"Incomplete",(SUM(BH78-BG78))) -> Incomplete | BW78: =IFERROR(SUM(BQ78+BR78+BS78)/(3*(#REF!-S78))*100, "Incomplete") -> Incomplete | BX78: =_xlfn.XLOOKUP(BW78,'Normative data'!$V$3:$V$6,'Normative data'!$W$3:$W$6,"Not Found",-1) -> Very low risk | BY78: =IFERROR(SUM(BT78+BU78+BV78)/(3*(#REF!-S78))*100, "Incomplete") -> Incomplete | BZ78: =_xlfn.XLOOKUP(BY78,'Normative data'!$V$3:$V$6,'Normative data'!$W$3:$W$6,"Not Found",-1) -> Very low risk | CH78: =_xlfn.XLOOKUP(CG78, 'Normative data'!$S$9:$S$15,'Normative data'!$T$9:$T$15, "Not Found", -1) -> not completed | CJ78: =_xlfn.XLOOKUP(CI78, 'Normative data'!$S$9:$S$15, 'Normative data'!$T$9:$T$15, "Not Found", -1) -> not completed | CR78: {=IF(OR(ISBLANK(E78),ISBLANK(CQ78)),"Incomplete",_xlfn.XLOOKUP(CQ78,_xlfn.XLOOKUP(E78,'Normative data'!$Y$3:$Y$6,'Normative data'!$Z$3:$AG$6,,-1),'Normative data'!$Z$2:$AG$2,"Not Found",-1))} -> Incomplete | CU78: {=_xlfn.XLOOKUP(CS78&CT78,(VLOOKUP!$A$3:$A$250)&(VLOOKUP!$B$3:$B$250),VLOOKUP!$C$3:$C$250,"Incomplete",-1)} -> Incomplete | CV78: {=_xlfn.XLOOKUP(CU78, _xlfn.XLOOKUP(E78, 'Normative data'!$Y$11:$Y$14, 'Normative data'!$Z$11:$AG$14, ,-1), 'Normative data'!$Z$10:$AG$10, "Not Found", -1)} -> Excellent | CW78: {=IF(OR(ISBLANK(CS78),ISBLANK(CT78)),"Incomplete",_xlfn.XLOOKUP(CS78&CT78,VLOOKUP!$A$4:$A$250&VLOOKUP!$B$4:$B$250,VLOOKUP!$D$4:$D$250,"0"))} -> Incomplete
A79: Sarah | B79: Ashbolt | C79: Female | G79: 2026 | H79: January | I79: 1 | AQ79: 30.0 | AR79: 0.495 | AS79: 31.0 | AT79: 0.503 | AU79: 16.1 | AV79: 0.362 | AW79: 17.4 | AX79: 0.377 | AY79: =IF(OR(ISBLANK(U79), ISBLANK(AQ79)), "Incomplete", (60.7*AQ79)+(45.3*U79)-2055) -> Incomplete | BA79: =IF(OR(ISBLANK(U79), ISBLANK(AS79)), "Incomplete", (60.7*AS79)+(45.3*U79)-2055) -> Incomplete | BC79: =IF(OR(ISBLANK(U79), ISBLANK(AU79)), "Incomplete", (60.7*AU79)+(45.3*U79)-2055) -> Incomplete | BE79: =IF(OR(ISBLANK(U79), ISBLANK(AW79)), "Incomplete", (60.7*AW79)+(45.3*U79)-2055) -> Incomplete | BG79: 13 | BH79: 42 | BI79: =IF(OR(ISBLANK(BG79), ISBLANK(BH79)),"Incomplete",(SUM(BH79-BG79))) -> 29 | BW79: =IFERROR(SUM(BQ79+BR79+BS79)/(3*(T79-S79))*100, "Incomplete") -> Incomplete | BX79: =_xlfn.XLOOKUP(BW79,'Normative data'!$V$3:$V$6,'Normative data'!$W$3:$W$6,"Not Found",-1) -> Very low risk | BY79: =IFERROR(SUM(BT79+BU79+BV79)/(3*(T79-S79))*100, "Incomplete") -> Incomplete | BZ79: =_xlfn.XLOOKUP(BY79,'Normative data'!$V$3:$V$6,'Normative data'!$W$3:$W$6,"Not Found",-1) -> Very low risk | CC79: 51 | CE79: 10 | CG79: 17.10 | CH79: =_xlfn.XLOOKUP(CG79, 'Normative data'!$S$9:$S$15,'Normative data'!$T$9:$T$15, "Not Found", -1) -> Poor | CI79: 17.61 | CJ79: =_xlfn.XLOOKUP(CI79, 'Normative data'!$S$9:$S$15, 'Normative data'!$T$9:$T$15, "Not Found", -1) -> Poor | CK79: 2.11 | CL79: 4.78 | CN79: 6.17 | CO79: 8.10 | CQ79: 7.1 | CR79: {=IF(OR(ISBLANK(E79),ISBLANK(CQ79)),"Incomplete",_xlfn.XLOOKUP(CQ79,_xlfn.XLOOKUP(E79,'Normative data'!$Y$3:$Y$6,'Normative data'!$Z$3:$AG$6,,-1),'Normative data'!$Z$2:$AG$2,"Not Found",-1))} -> Incomplete | CS79: 7 | CT79: 1 | CU79: {=_xlfn.XLOOKUP(CS79&CT79,(VLOOKUP!$A$3:$A$250)&(VLOOKUP!$B$3:$B$250),VLOOKUP!$C$3:$C$250,"Incomplete",-1)} -> 1040 | CV79: {=_xlfn.XLOOKUP(CU79, _xlfn.XLOOKUP(E79, 'Normative data'!$Y$11:$Y$14, 'Normative data'!$Z$11:$AG$14, ,-1), 'Normative data'!$Z$10:$AG$10, "Not Found", -1)} -> Fair | CW79: {=IF(OR(ISBLANK(CS79),ISBLANK(CT79)),"Incomplete",_xlfn.XLOOKUP(CS79&CT79,VLOOKUP!$A$4:$A$250&VLOOKUP!$B$4:$B$250,VLOOKUP!$D$4:$D$250,"0"))} -> 37
A80: Sarah | B80: Ashbolt | C80: Female | G80: 2026 | H80: January | I80: 1 | AQ80: 33.1 | AR80: 0.52 | AS80: 39.4 | AT80: 0.567 | AU80: 21,8 | AV80: 0.422 | AW80: 21.7 | AX80: 0.421 | AY80: =IF(OR(ISBLANK(U80), ISBLANK(AQ80)), "Incomplete", (60.7*AQ80)+(45.3*U80)-2055) -> Incomplete | BA80: =IF(OR(ISBLANK(U80), ISBLANK(AS80)), "Incomplete", (60.7*AS80)+(45.3*U80)-2055) -> Incomplete | BC80: =IF(OR(ISBLANK(U80), ISBLANK(AU80)), "Incomplete", (60.7*AU80)+(45.3*U80)-2055) -> Incomplete | BE80: =IF(OR(ISBLANK(U80), ISBLANK(AW80)), "Incomplete", (60.7*AW80)+(45.3*U80)-2055) -> Incomplete | BI80: =IF(OR(ISBLANK(BG80), ISBLANK(BH80)),"Incomplete",(SUM(BH80-BG80))) -> Incomplete | BW80: =IFERROR(SUM(BQ80+BR80+BS80)/(3*(T80-S80))*100, "Incomplete") -> Incomplete | BX80: =_xlfn.XLOOKUP(BW80,'Normative data'!$V$3:$V$6,'Normative data'!$W$3:$W$6,"Not Found",-1) -> Very low risk | BY80: =IFERROR(SUM(BT80+BU80+BV80)/(3*(T80-S80))*100, "Incomplete") -> Incomplete | BZ80: =_xlfn.XLOOKUP(BY80,'Normative data'!$V$3:$V$6,'Normative data'!$W$3:$W$6,"Not Found",-1) -> Very low risk | CH80: =_xlfn.XLOOKUP(CG80, 'Normative data'!$S$9:$S$15,'Normative data'!$T$9:$T$15, "Not Found", -1) -> not completed | CJ80: =_xlfn.XLOOKUP(CI80, 'Normative data'!$S$9:$S$15, 'Normative data'!$T$9:$T$15, "Not Found", -1) -> not completed | CR80: {=IF(OR(ISBLANK(E80),ISBLANK(CQ80)),"Incomplete",_xlfn.XLOOKUP(CQ80,_xlfn.XLOOKUP(E80,'Normative data'!$Y$3:$Y$6,'Normative data'!$Z$3:$AG$6,,-1),'Normative data'!$Z$2:$AG$2,"Not Found",-1))} -> Incomplete | CU80: {=_xlfn.XLOOKUP(CS80&CT80,(VLOOKUP!$A$3:$A$250)&(VLOOKUP!$B$3:$B$250),VLOOKUP!$C$3:$C$250,"Incomplete",-1)} -> Incomplete | CV80: {=_xlfn.XLOOKUP(CU80, _xlfn.XLOOKUP(E80, 'Normative data'!$Y$11:$Y$14, 'Normative data'!$Z$11:$AG$14, ,-1), 'Normative data'!$Z$10:$AG$10, "Not Found", -1)} -> Excellent | CW80: {=IF(OR(ISBLANK(CS80),ISBLANK(CT80)),"Incomplete",_xlfn.XLOOKUP(CS80&CT80,VLOOKUP!$A$4:$A$250&VLOOKUP!$B$4:$B$250,VLOOKUP!$D$4:$D$250,"0"))} -> Incomplete
A81: Hundermark | B81: Ashlee | C81: Female | D81: 40334 | E81: 15.9 | F81: 10E | G81: 2026 | I81: 2 | J81: Hockey | K81: U/16 A | L81: Goal Keeper | S81: 87.4 | T81: 168.6 | U81: 51.7 | V81: 31.8 | W81: 8.3 | X81: 43.4 | Y81: 23.8 | Z81: 18.2 | AA81: 16 | AB81: 6.74 | AC81: 112.8 | AD81: 6.71 | AE81: 112.2 | AF81: 1.4 | AG81: 54.3 | AH81: 1.4 | AI81: 54 | AJ81: 335.4 | AK81: 339 | AL81: 296.3 | AM81: 301.6 | AN81: 92 | AO81: 0.83 | AP81: 6.2 | AQ81: 27.9 | AR81: 0.477 | AS81: 28.1 | AT81: 0.479 | AU81: 17.6 | AV81: 0.379 | AW81: 15.6 | AX81: 0.357 | AY81: =IF(OR(ISBLANK(U81), ISBLANK(AQ81)), "Incomplete", (60.7*AQ81)+(45.3*U81)-2055) -> 1980.54 | BA81: =IF(OR(ISBLANK(U81), ISBLANK(AS81)), "Incomplete", (60.7*AS81)+(45.3*U81)-2055) -> 1992.68 | BC81: =IF(OR(ISBLANK(U81), ISBLANK(AU81)), "Incomplete", (60.7*AU81)+(45.3*U81)-2055) -> 1355.33 | BE81: =IF(OR(ISBLANK(U81), ISBLANK(AW81)), "Incomplete", (60.7*AW81)+(45.3*U81)-2055) -> 1233.93 | BG81: 14 | BH81: 45 | BI81: =IF(OR(ISBLANK(BG81), ISBLANK(BH81)),"Incomplete",(SUM(BH81-BG81))) -> 31 | BK81: 11 | BM81: 9 | BO81: 44 | BP81: 43.5 | BQ81: 85 | BR81: 75 | BS81: 73 | BT81: 85 | BU81: 80 | BV81: 76 | BW81: =IFERROR(SUM(BQ81+BR81+BS81)/(3*(T81-S81))*100, "Incomplete") -> 95.648604 | BX81: =_xlfn.XLOOKUP(BW81,'Normative data'!$V$3:$V$6,'Normative data'!$W$3:$W$6,"Not Found",-1) -> Low risk | BY81: =IFERROR(SUM(BT81+BU81+BV81)/(3*(T81-S81))*100, "Incomplete") -> 98.932677 | BZ81: =_xlfn.XLOOKUP(BY81,'Normative data'!$V$3:$V$6,'Normative data'!$W$3:$W$6,"Not Found",-1) -> Low risk | CA81: 20 | CE81: 35 | CG81: 18.72 | CH81: =_xlfn.XLOOKUP(CG81, 'Normative data'!$S$9:$S$15,'Normative data'!$T$9:$T$15, "Not Found", -1) -> Average | CI81: 18.36 | CJ81: =_xlfn.XLOOKUP(CI81, 'Normative data'!$S$9:$S$15, 'Normative data'!$T$9:$T$15, "Not Found", -1) -> Average | CQ81: 6.7 | CR81: {=IF(OR(ISBLANK(E81),ISBLANK(CQ81)),"Incomplete",_xlfn.XLOOKUP(CQ81,_xlfn.XLOOKUP(E81,'Normative data'!$Y$3:$Y$6,'Normative data'!$Z$3:$AG$6,,-1),'Normative data'!$Z$2:$AG$2,"Not Found",-1))} -> Average | CS81: 6 | CT81: 7 | CU81: {=_xlfn.XLOOKUP(CS81&CT81,(VLOOKUP!$A$3:$A$250)&(VLOOKUP!$B$3:$B$250),VLOOKUP!$C$3:$C$250,"Incomplete",-1)} -> 960 | CV81: {=_xlfn.XLOOKUP(CU81, _xlfn.XLOOKUP(E81, 'Normative data'!$Y$11:$Y$14, 'Normative data'!$Z$11:$AG$14, ,-1), 'Normative data'!$Z$10:$AG$10, "Not Found", -1)} -> Average | CW81: {=IF(OR(ISBLANK(CS81),ISBLANK(CT81)),"Incomplete",_xlfn.XLOOKUP(CS81&CT81,VLOOKUP!$A$4:$A$250&VLOOKUP!$B$4:$B$250,VLOOKUP!$D$4:$D$250,"0"))} -> 35
A82: Bassett | B82: Ashley | C82: Female | F82: 11D | G82: 2026 | I82: 2 | S82: 89 | T82: 172.2 | AY82: =IF(OR(ISBLANK(U82), ISBLANK(AQ82)), "Incomplete", (60.7*AQ82)+(45.3*U82)-2055) -> Incomplete | BA82: =IF(OR(ISBLANK(U82), ISBLANK(AS82)), "Incomplete", (60.7*AS82)+(45.3*U82)-2055) -> Incomplete | BC82: =IF(OR(ISBLANK(U82), ISBLANK(AU82)), "Incomplete", (60.7*AU82)+(45.3*U82)-2055) -> Incomplete | BE82: =IF(OR(ISBLANK(U82), ISBLANK(AW82)), "Incomplete", (60.7*AW82)+(45.3*U82)-2055) -> Incomplete | BG82: 6.1 | BH82: 43.4 | BI82: =IF(OR(ISBLANK(BG82), ISBLANK(BH82)),"Incomplete",(SUM(BH82-BG82))) -> 37.3 | BK82: 6.5 | BM82: 10 | BO82: 51.5 | BP82: 53 | BQ82: 70 | BR82: 91 | BS82: 84 | BT82: 84 | BU82: 100 | BV82: 110 | BW82: =IFERROR(SUM(BQ82+BR82+BS82)/(3*(T82-S82))*100, "Incomplete") -> 98.157051 | BX82: =_xlfn.XLOOKUP(BW82,'Normative data'!$V$3:$V$6,'Normative data'!$W$3:$W$6,"Not Found",-1) -> Low risk | BY82: =IFERROR(SUM(BT82+BU82+BV82)/(3*(T82-S82))*100, "Incomplete") -> 117.78846 | BZ82: =_xlfn.XLOOKUP(BY82,'Normative data'!$V$3:$V$6,'Normative data'!$W$3:$W$6,"Not Found",-1) -> Low risk | CA82: 48 | CE82: 48 | CH82: =_xlfn.XLOOKUP(CG82, 'Normative data'!$S$9:$S$15,'Normative data'!$T$9:$T$15, "Not Found", -1) -> not completed | CJ82: =_xlfn.XLOOKUP(CI82, 'Normative data'!$S$9:$S$15, 'Normative data'!$T$9:$T$15, "Not Found", -1) -> not completed | CR82: {=IF(OR(ISBLANK(E82),ISBLANK(CQ82)),"Incomplete",_xlfn.XLOOKUP(CQ82,_xlfn.XLOOKUP(E82,'Normative data'!$Y$3:$Y$6,'Normative data'!$Z$3:$AG$6,,-1),'Normative data'!$Z$2:$AG$2,"Not Found",-1))} -> Incomplete | CU82: {=_xlfn.XLOOKUP(CS82&CT82,(VLOOKUP!$A$3:$A$250)&(VLOOKUP!$B$3:$B$250),VLOOKUP!$C$3:$C$250,"Incomplete",-1)} -> Incomplete | CV82: {=_xlfn.XLOOKUP(CU82, _xlfn.XLOOKUP(E82, 'Normative data'!$Y$11:$Y$14, 'Normative data'!$Z$11:$AG$14, ,-1), 'Normative data'!$Z$10:$AG$10, "Not Found", -1)} -> Excellent | CW82: {=IF(OR(ISBLANK(CS82),ISBLANK(CT82)),"Incomplete",_xlfn.XLOOKUP(CS82&CT82,VLOOKUP!$A$4:$A$250&VLOOKUP!$B$4:$B$250,VLOOKUP!$D$4:$D$250,"0"))} -> Incomplete
A83: Kropman | B83: Ashley | C83: Female | D83: 40037 | E83: 16.8 | F83: 11E | G83: 2026 | I83: 2 | J83: Netball | K83: 1st | S83: 86.4 | T83: 168.2 | U83: 67.8 | V83: 37.3 | W83: 16.6 | X83: 51.2 | Y83: 28.7 | Z83: 24 | AA83: 24.6 | AB83: 7.71 | AC83: 105.9 | AD83: 7.73 | AE83: 106.2 | AF83: 2.4 | AG83: 94.1 | AH83: 2.4 | AI83: 93.5 | AJ83: 306 | AK83: 301.6 | AL83: 262.5 | AM83: 261.2 | AN83: 107 | AO83: 0.89 | AP83: 7.4 | AQ83: 28.4 | AR83: 0.481 | AS83: 33.7 | AT83: 0.524 | AU83: 15.7 | AV83: 0.358 | AW83: 16.2 | AX83: 0.364 | AY83: =IF(OR(ISBLANK(U83), ISBLANK(AQ83)), "Incomplete", (60.7*AQ83)+(45.3*U83)-2055) -> 2740.22 | BA83: =IF(OR(ISBLANK(U83), ISBLANK(AS83)), "Incomplete", (60.7*AS83)+(45.3*U83)-2055) -> 3061.93 | BC83: =IF(OR(ISBLANK(U83), ISBLANK(AU83)), "Incomplete", (60.7*AU83)+(45.3*U83)-2055) -> 1969.33 | BE83: =IF(OR(ISBLANK(U83), ISBLANK(AW83)), "Incomplete", (60.7*AW83)+(45.3*U83)-2055) -> 1999.68 | BG83: 20 | BH83: 56 | BI83: =IF(OR(ISBLANK(BG83), ISBLANK(BH83)),"Incomplete",(SUM(BH83-BG83))) -> 36 | BK83: 11 | BM83: 11.4 | BO83: 47 | BP83: 48 | BQ83: 81 | BR83: 89 | BS83: 79 | BT83: 81 | BU83: 83 | BV83: 81 | BW83: =IFERROR(SUM(BQ83+BR83+BS83)/(3*(T83-S83))*100, "Incomplete") -> 101.46699 | BX83: =_xlfn.XLOOKUP(BW83,'Normative data'!$V$3:$V$6,'Normative data'!$W$3:$W$6,"Not Found",-1) -> Low risk | BY83: =IFERROR(SUM(BT83+BU83+BV83)/(3*(T83-S83))*100, "Incomplete") -> 99.837001 | BZ83: =_xlfn.XLOOKUP(BY83,'Normative data'!$V$3:$V$6,'Normative data'!$W$3:$W$6,"Not Found",-1) -> Low risk | CA83: 24 | CE83: 41 | CG83: 17.54 | CH83: =_xlfn.XLOOKUP(CG83, 'Normative data'!$S$9:$S$15,'Normative data'!$T$9:$T$15, "Not Found", -1) -> Above Average | CI83: 17.2 | CJ83: =_xlfn.XLOOKUP(CI83, 'Normative data'!$S$9:$S$15, 'Normative data'!$T$9:$T$15, "Not Found", -1) -> Above Average | CR83: {=IF(OR(ISBLANK(E83),ISBLANK(CQ83)),"Incomplete",_xlfn.XLOOKUP(CQ83,_xlfn.XLOOKUP(E83,'Normative data'!$Y$3:$Y$6,'Normative data'!$Z$3:$AG$6,,-1),'Normative data'!$Z$2:$AG$2,"Not Found",-1))} -> Incomplete | CU83: {=_xlfn.XLOOKUP(CS83&CT83,(VLOOKUP!$A$3:$A$250)&(VLOOKUP!$B$3:$B$250),VLOOKUP!$C$3:$C$250,"Incomplete",-1)} -> Incomplete | CV83: {=_xlfn.XLOOKUP(CU83, _xlfn.XLOOKUP(E83, 'Normative data'!$Y$11:$Y$14, 'Normative data'!$Z$11:$AG$14, ,-1), 'Normative data'!$Z$10:$AG$10, "Not Found", -1)} -> Excellent | CW83: {=IF(OR(ISBLANK(CS83),ISBLANK(CT83)),"Incomplete",_xlfn.XLOOKUP(CS83&CT83,VLOOKUP!$A$4:$A$250&VLOOKUP!$B$4:$B$250,VLOOKUP!$D$4:$D$250,"0"))} -> Incomplete
A84: Abigail | B84: Attenborough | C84: Female | D84: 40717 | F84: 8 | G84: 2025 | H84: January | I84: 1 | P84: Hockey | T84: 172 | U84: 63.7 | W84: 17 | X84: =SUM(T84-W84) -> 155 | Y84: 25.7 | Z84: 21.5 | AA84: 26.7 | AY84: =IF(OR(ISBLANK(#REF!), ISBLANK(AQ84)), "Incomplete", (60.7*AQ84)+(45.3*#REF!)-2055) -> Incomplete | BA84: =IF(OR(ISBLANK(#REF!), ISBLANK(AS84)), "Incomplete", (60.7*AS84)+(45.3*#REF!)-2055) -> Incomplete | BC84: =IF(OR(ISBLANK(#REF!), ISBLANK(AU84)), "Incomplete", (60.7*AU84)+(45.3*#REF!)-2055) -> Incomplete | BE84: =IF(OR(ISBLANK(#REF!), ISBLANK(AW84)), "Incomplete", (60.7*AW84)+(45.3*#REF!)-2055) -> Incomplete | BG84: 16 | BH84: 39.7 | BI84: =IF(OR(ISBLANK(BG84), ISBLANK(BH84)),"Incomplete",(SUM(BH84-BG84))) -> 23.7 | BK84: 6 | BM84: 7 | BW84: =IFERROR(SUM(BQ84+BR84+BS84)/(3*(#REF!-S84))*100, "Incomplete") -> Incomplete | BX84: =_xlfn.XLOOKUP(BW84,'Normative data'!$V$3:$V$6,'Normative data'!$W$3:$W$6,"Not Found",-1) -> Very low risk | BY84: =IFERROR(SUM(BT84+BU84+BV84)/(3*(#REF!-S84))*100, "Incomplete") -> Incomplete | BZ84: =_xlfn.XLOOKUP(BY84,'Normative data'!$V$3:$V$6,'Normative data'!$W$3:$W$6,"Not Found",-1) -> Very low risk | CH84: =_xlfn.XLOOKUP(CG84, 'Normative data'!$S$9:$S$15,'Normative data'!$T$9:$T$15, "Not Found", -1) -> not completed | CJ84: =_xlfn.XLOOKUP(CI84, 'Normative data'!$S$9:$S$15, 'Normative data'!$T$9:$T$15, "Not Found", -1) -> not completed | CK84: 2.2 | CL84: 4.55 | CN84: 7.01 | CO84: 7.13 | CR84: {=IF(OR(ISBLANK(E84),ISBLANK(CQ84)),"Incomplete",_xlfn.XLOOKUP(CQ84,_xlfn.XLOOKUP(E84,'Normative data'!$Y$3:$Y$6,'Normative data'!$Z$3:$AG$6,,-1),'Normative data'!$Z$2:$AG$2,"Not Found",-1))} -> Incomplete | CU84: {=_xlfn.XLOOKUP(CS84&CT84,(VLOOKUP!$A$3:$A$250)&(VLOOKUP!$B$3:$B$250),VLOOKUP!$C$3:$C$250,"Incomplete",-1)} -> Incomplete | CV84: {=_xlfn.XLOOKUP(CU84, _xlfn.XLOOKUP(E84, 'Normative data'!$Y$11:$Y$14, 'Normative data'!$Z$11:$AG$14, ,-1), 'Normative data'!$Z$10:$AG$10, "Not Found", -1)} -> Excellent | CW84: {=IF(OR(ISBLANK(CS84),ISBLANK(CT84)),"Incomplete",_xlfn.XLOOKUP(CS84&CT84,VLOOKUP!$A$4:$A$250&VLOOKUP!$B$4:$B$250,VLOOKUP!$D$4:$D$250,"0"))} -> Incomplete
A85: Abigail | B85: Attenborough | C85: Female | D85: 40717 | F85: 8 | G85: 2025 | H85: August | I85: 3 | T85: 171.8 | U85: 65.5 | AY85: =IF(OR(ISBLANK(#REF!), ISBLANK(AQ85)), "Incomplete", (60.7*AQ85)+(45.3*#REF!)-2055) -> Incomplete | BA85: =IF(OR(ISBLANK(#REF!), ISBLANK(AS85)), "Incomplete", (60.7*AS85)+(45.3*#REF!)-2055) -> Incomplete | BC85: =IF(OR(ISBLANK(#REF!), ISBLANK(AU85)), "Incomplete", (60.7*AU85)+(45.3*#REF!)-2055) -> Incomplete | BE85: =IF(OR(ISBLANK(#REF!), ISBLANK(AW85)), "Incomplete", (60.7*AW85)+(45.3*#REF!)-2055) -> Incomplete | BI85: =IF(OR(ISBLANK(BG85), ISBLANK(BH85)),"Incomplete",(SUM(BH85-BG85))) -> Incomplete | BW85: =IFERROR(SUM(BQ85+BR85+BS85)/(3*(#REF!-S85))*100, "Incomplete") -> Incomplete | BX85: =_xlfn.XLOOKUP(BW85,'Normative data'!$V$3:$V$6,'Normative data'!$W$3:$W$6,"Not Found",-1) -> Very low risk | BY85: =IFERROR(SUM(BT85+BU85+BV85)/(3*(#REF!-S85))*100, "Incomplete") -> Incomplete | BZ85: =_xlfn.XLOOKUP(BY85,'Normative data'!$V$3:$V$6,'Normative data'!$W$3:$W$6,"Not Found",-1) -> Very low risk | CH85: =_xlfn.XLOOKUP(CG85, 'Normative data'!$S$9:$S$15,'Normative data'!$T$9:$T$15, "Not Found", -1) -> not completed | CJ85: =_xlfn.XLOOKUP(CI85, 'Normative data'!$S$9:$S$15, 'Normative data'!$T$9:$T$15, "Not Found", -1) -> not completed | CK85: 2.09 | CL85: 4.78 | CN85: 6.78 | CO85: 7.37 | CR85: {=IF(OR(ISBLANK(E85),ISBLANK(CQ85)),"Incomplete",_xlfn.XLOOKUP(CQ85,_xlfn.XLOOKUP(E85,'Normative data'!$Y$3:$Y$6,'Normative data'!$Z$3:$AG$6,,-1),'Normative data'!$Z$2:$AG$2,"Not Found",-1))} -> Incomplete | CU85: {=_xlfn.XLOOKUP(CS85&CT85,(VLOOKUP!$A$3:$A$250)&(VLOOKUP!$B$3:$B$250),VLOOKUP!$C$3:$C$250,"Incomplete",-1)} -> Incomplete | CV85: {=_xlfn.XLOOKUP(CU85, _xlfn.XLOOKUP(E85, 'Normative data'!$Y$11:$Y$14, 'Normative data'!$Z$11:$AG$14, ,-1), 'Normative data'!$Z$10:$AG$10, "Not Found", -1)} -> Excellent | CW85: {=IF(OR(ISBLANK(CS85),ISBLANK(CT85)),"Incomplete",_xlfn.XLOOKUP(CS85&CT85,VLOOKUP!$A$4:$A$250&VLOOKUP!$B$4:$B$250,VLOOKUP!$D$4:$D$250,"0"))} -> Incomplete
A86: Döller | B86: Ava | C86: Female | D86: 40863 | F86: 9P | G86: 2026 | I86: 2 | AY86: =IF(OR(ISBLANK(U86), ISBLANK(AQ86)), "Incomplete", (60.7*AQ86)+(45.3*U86)-2055) -> Incomplete | BA86: =IF(OR(ISBLANK(U86), ISBLANK(AS86)), "Incomplete", (60.7*AS86)+(45.3*U86)-2055) -> Incomplete | BC86: =IF(OR(ISBLANK(U86), ISBLANK(AU86)), "Incomplete", (60.7*AU86)+(45.3*U86)-2055) -> Incomplete | BE86: =IF(OR(ISBLANK(U86), ISBLANK(AW86)), "Incomplete", (60.7*AW86)+(45.3*U86)-2055) -> Incomplete | BG86: 11 | BH86: 38 | BI86: =IF(OR(ISBLANK(BG86), ISBLANK(BH86)),"Incomplete",(SUM(BH86-BG86))) -> 27 | BK86: 16 | BM86: N/A | BO86: 49 | BP86: 48 | BW86: =IFERROR(SUM(BQ86+BR86+BS86)/(3*(T86-S86))*100, "Incomplete") -> Incomplete | BX86: =_xlfn.XLOOKUP(BW86,'Normative data'!$V$3:$V$6,'Normative data'!$W$3:$W$6,"Not Found",-1) -> Very low risk | BY86: =IFERROR(SUM(BT86+BU86+BV86)/(3*(T86-S86))*100, "Incomplete") -> Incomplete | BZ86: =_xlfn.XLOOKUP(BY86,'Normative data'!$V$3:$V$6,'Normative data'!$W$3:$W$6,"Not Found",-1) -> Very low risk | CH86: =_xlfn.XLOOKUP(CG86, 'Normative data'!$S$9:$S$15,'Normative data'!$T$9:$T$15, "Not Found", -1) -> not completed | CJ86: =_xlfn.XLOOKUP(CI86, 'Normative data'!$S$9:$S$15, 'Normative data'!$T$9:$T$15, "Not Found", -1) -> not completed | CR86: {=IF(OR(ISBLANK(E86),ISBLANK(CQ86)),"Incomplete",_xlfn.XLOOKUP(CQ86,_xlfn.XLOOKUP(E86,'Normative data'!$Y$3:$Y$6,'Normative data'!$Z$3:$AG$6,,-1),'Normative data'!$Z$2:$AG$2,"Not Found",-1))} -> Incomplete | CU86: {=_xlfn.XLOOKUP(CS86&CT86,(VLOOKUP!$A$3:$A$250)&(VLOOKUP!$B$3:$B$250),VLOOKUP!$C$3:$C$250,"Incomplete",-1)} -> Incomplete | CV86: {=_xlfn.XLOOKUP(CU86, _xlfn.XLOOKUP(E86, 'Normative data'!$Y$11:$Y$14, 'Normative data'!$Z$11:$AG$14, ,-1), 'Normative data'!$Z$10:$AG$10, "Not Found", -1)} -> Excellent | CW86: {=IF(OR(ISBLANK(CS86),ISBLANK(CT86)),"Incomplete",_xlfn.XLOOKUP(CS86&CT86,VLOOKUP!$A$4:$A$250&VLOOKUP!$B$4:$B$250,VLOOKUP!$D$4:$D$250,"0"))} -> Incomplete
A87: Fraser-Mouneimne | B87: Ava | C87: Female | D87: 40967 | E87: 14.2 | F87: 8E | G87: 2026 | I87: 2 | J87: Netball | K87: U/14 E | S87: 86.8 | T87: 164.4 | U87: 53.3 | V87: 30.3 | W87: 12 | X87: 41.3 | Y87: 22.4 | Z87: 19.7 | AA87: 22.4 | AB87: 6.21 | AC87: 100.8 | AD87: 6.14 | AE87: 99.7 | AF87: 1.9 | AG87: 76.7 | AH87: 1.9 | AI87: 76.5 | AJ87: 307.7 | AK87: 315 | AL87: 277.2 | AM87: 282.6 | AN87: 102 | AO87: 0.84 | AP87: 6 | AY87: =IF(OR(ISBLANK(U87), ISBLANK(AQ87)), "Incomplete", (60.7*AQ87)+(45.3*U87)-2055) -> Incomplete | BA87: =IF(OR(ISBLANK(U87), ISBLANK(AS87)), "Incomplete", (60.7*AS87)+(45.3*U87)-2055) -> Incomplete | BC87: =IF(OR(ISBLANK(U87), ISBLANK(AU87)), "Incomplete", (60.7*AU87)+(45.3*U87)-2055) -> Incomplete | BE87: =IF(OR(ISBLANK(U87), ISBLANK(AW87)), "Incomplete", (60.7*AW87)+(45.3*U87)-2055) -> Incomplete | BH87: 23.1 | BI87: =IF(OR(ISBLANK(BG87), ISBLANK(BH87)),"Incomplete",(SUM(BH87-BG87))) -> Incomplete | BK87: 9.6 | BM87: 10.5 | BW87: =IFERROR(SUM(BQ87+BR87+BS87)/(3*(T87-S87))*100, "Incomplete") -> 0 | BX87: =_xlfn.XLOOKUP(BW87,'Normative data'!$V$3:$V$6,'Normative data'!$W$3:$W$6,"Not Found",-1) -> Not completed | BY87: =IFERROR(SUM(BT87+BU87+BV87)/(3*(T87-S87))*100, "Incomplete") -> 0 | BZ87: =_xlfn.XLOOKUP(BY87,'Normative data'!$V$3:$V$6,'Normative data'!$W$3:$W$6,"Not Found",-1) -> Not completed | CE87: 14 | CG87: 18.69 | CH87: =_xlfn.XLOOKUP(CG87, 'Normative data'!$S$9:$S$15,'Normative data'!$T$9:$T$15, "Not Found", -1) -> Average | CI87: 18.85 | CJ87: =_xlfn.XLOOKUP(CI87, 'Normative data'!$S$9:$S$15, 'Normative data'!$T$9:$T$15, "Not Found", -1) -> Average | CK87: 2.21 | CL87: 4.52 | CN87: 7.25 | CO87: 6.9 | CQ87: 6.3 | CR87: {=IF(OR(ISBLANK(E87),ISBLANK(CQ87)),"Incomplete",_xlfn.XLOOKUP(CQ87,_xlfn.XLOOKUP(E87,'Normative data'!$Y$3:$Y$6,'Normative data'!$Z$3:$AG$6,,-1),'Normative data'!$Z$2:$AG$2,"Not Found",-1))} -> Fair | CS87: 6 | CT87: 3 | CU87: {=_xlfn.XLOOKUP(CS87&CT87,(VLOOKUP!$A$3:$A$250)&(VLOOKUP!$B$3:$B$250),VLOOKUP!$C$3:$C$250,"Incomplete",-1)} -> 880 | CV87: {=_xlfn.XLOOKUP(CU87, _xlfn.XLOOKUP(E87, 'Normative data'!$Y$11:$Y$14, 'Normative data'!$Z$11:$AG$14, ,-1), 'Normative data'!$Z$10:$AG$10, "Not Found", -1)} -> Fair | CW87: {=IF(OR(ISBLANK(CS87),ISBLANK(CT87)),"Incomplete",_xlfn.XLOOKUP(CS87&CT87,VLOOKUP!$A$4:$A$250&VLOOKUP!$B$4:$B$250,VLOOKUP!$D$4:$D$250,"0"))} -> 34
A88: Moodycliffe | B88: Ava | C88: Female | D88: 40067 | E88: 16.8 | F88: 11I | G88: 2026 | I88: 2 | J88: Hockey | K88: 3rd | S88: 85.9 | T88: 166.2 | U88: 48.6 | V88: 32.1 | W88: 4.8 | X88: 43.8 | Y88: 23.9 | Z88: 17.6 | AA88: 10 | AB88: 6.75 | AC88: 120.1 | AD88: 6.71 | AE88: 119.4 | AF88: 1 | AG88: 38.5 | AH88: 1 | AI88: 38.3 | AJ88: 297.1 | AK88: 299.8 | AL88: 266.4 | AM88: 268.6 | AN88: 82 | AY88: =IF(OR(ISBLANK(U88), ISBLANK(AQ88)), "Incomplete", (60.7*AQ88)+(45.3*U88)-2055) -> Incomplete | BA88: =IF(OR(ISBLANK(U88), ISBLANK(AS88)), "Incomplete", (60.7*AS88)+(45.3*U88)-2055) -> Incomplete | BC88: =IF(OR(ISBLANK(U88), ISBLANK(AU88)), "Incomplete", (60.7*AU88)+(45.3*U88)-2055) -> Incomplete | BE88: =IF(OR(ISBLANK(U88), ISBLANK(AW88)), "Incomplete", (60.7*AW88)+(45.3*U88)-2055) -> Incomplete | BI88: =IF(OR(ISBLANK(BG88), ISBLANK(BH88)),"Incomplete",(SUM(BH88-BG88))) -> Incomplete | BO88: 43 | BP88: 43.5 | BW88: =IFERROR(SUM(BQ88+BR88+BS88)/(3*(T88-S88))*100, "Incomplete") -> 0 | BX88: =_xlfn.XLOOKUP(BW88,'Normative data'!$V$3:$V$6,'Normative data'!$W$3:$W$6,"Not Found",-1) -> Not completed | BY88: =IFERROR(SUM(BT88+BU88+BV88)/(3*(T88-S88))*100, "Incomplete") -> 0 | BZ88: =_xlfn.XLOOKUP(BY88,'Normative data'!$V$3:$V$6,'Normative data'!$W$3:$W$6,"Not Found",-1) -> Not completed | CA88: 31 | CE88: 42 | CH88: =_xlfn.XLOOKUP(CG88, 'Normative data'!$S$9:$S$15,'Normative data'!$T$9:$T$15, "Not Found", -1) -> not completed | CJ88: =_xlfn.XLOOKUP(CI88, 'Normative data'!$S$9:$S$15, 'Normative data'!$T$9:$T$15, "Not Found", -1) -> not completed | CK88: 2.25 | CL88: 4.44 | CN88: 6.97 | CO88: 7.17 | CR88: {=IF(OR(ISBLANK(E88),ISBLANK(CQ88)),"Incomplete",_xlfn.XLOOKUP(CQ88,_xlfn.XLOOKUP(E88,'Normative data'!$Y$3:$Y$6,'Normative data'!$Z$3:$AG$6,,-1),'Normative data'!$Z$2:$AG$2,"Not Found",-1))} -> Incomplete | CU88: {=_xlfn.XLOOKUP(CS88&CT88,(VLOOKUP!$A$3:$A$250)&(VLOOKUP!$B$3:$B$250),VLOOKUP!$C$3:$C$250,"Incomplete",-1)} -> Incomplete | CV88: {=_xlfn.XLOOKUP(CU88, _xlfn.XLOOKUP(E88, 'Normative data'!$Y$11:$Y$14, 'Normative data'!$Z$11:$AG$14, ,-1), 'Normative data'!$Z$10:$AG$10, "Not Found", -1)} -> Excellent | CW88: {=IF(OR(ISBLANK(CS88),ISBLANK(CT88)),"Incomplete",_xlfn.XLOOKUP(CS88&CT88,VLOOKUP!$A$4:$A$250&VLOOKUP!$B$4:$B$250,VLOOKUP!$D$4:$D$250,"0"))} -> Incomplete
A89: Rowlands | B89: Ava | C89: Female | D89: 40217 | E89: 15.7 | F89: 10I | G89: 2026 | I89: 2 | J89: Netball | K89: U/16 A | S89: 93.3 | T89: 178.2 | U89: 87.7 | V89: 45.7 | W89: 25 | X89: 62.7 | Y89: 35.4 | Z89: 27.5 | AA89: 28.5 | AB89: 9.7 | AC89: 112.8 | AD89: 9.89 | AE89: 115 | AF89: 3.6 | AG89: 122.8 | AH89: 0.93 | AI89: 8.3 | AJ89: 267.1 | AK89: 253 | AL89: 233.6 | AM89: 222.9 | AN89: 96 | AO89: 0.93 | AP89: 8.3 | AQ89: 21.9 | AR89: 0.423 | AS89: 22.8 | AT89: 0.431 | AU89: 9.6 | AV89: 0.28 | AW89: 12.2 | AX89: 0.315 | AY89: =IF(OR(ISBLANK(U89), ISBLANK(AQ89)), "Incomplete", (60.7*AQ89)+(45.3*U89)-2055) -> 3247.14 | BA89: =IF(OR(ISBLANK(U89), ISBLANK(AS89)), "Incomplete", (60.7*AS89)+(45.3*U89)-2055) -> 3301.77 | BC89: =IF(OR(ISBLANK(U89), ISBLANK(AU89)), "Incomplete", (60.7*AU89)+(45.3*U89)-2055) -> 2500.53 | BE89: =IF(OR(ISBLANK(U89), ISBLANK(AW89)), "Incomplete", (60.7*AW89)+(45.3*U89)-2055) -> 2658.35 | BG89: 6.5 | BH89: 54.5 | BI89: =IF(OR(ISBLANK(BG89), ISBLANK(BH89)),"Incomplete",(SUM(BH89-BG89))) -> 48 | BK89: 12 | BM89: 10.5 | BO89: 65 | BP89: 64.5 | BQ89: 93 | BR89: 98 | BS89: 89 | BT89: 83.5 | BU89: 98 | BV89: 93 | BW89: =IFERROR(SUM(BQ89+BR89+BS89)/(3*(T89-S89))*100, "Incomplete") -> 109.93325 | BX89: =_xlfn.XLOOKUP(BW89,'Normative data'!$V$3:$V$6,'Normative data'!$W$3:$W$6,"Not Found",-1) -> Low risk | BY89: =IFERROR(SUM(BT89+BU89+BV89)/(3*(T89-S89))*100, "Incomplete") -> 107.77385 | BZ89: =_xlfn.XLOOKUP(BY89,'Normative data'!$V$3:$V$6,'Normative data'!$W$3:$W$6,"Not Found",-1) -> Low risk | CA89: 37 | CE89: 26 | CG89: 18.73 | CH89: =_xlfn.XLOOKUP(CG89, 'Normative data'!$S$9:$S$15,'Normative data'!$T$9:$T$15, "Not Found", -1) -> Average | CI89: 18.3 | CJ89: =_xlfn.XLOOKUP(CI89, 'Normative data'!$S$9:$S$15, 'Normative data'!$T$9:$T$15, "Not Found", -1) -> Average | CK89: 2.21 | CL89: 4.52 | CN89: 6.87 | CO89: 7.28 | CR89: {=IF(OR(ISBLANK(E89),ISBLANK(CQ89)),"Incomplete",_xlfn.XLOOKUP(CQ89,_xlfn.XLOOKUP(E89,'Normative data'!$Y$3:$Y$6,'Normative data'!$Z$3:$AG$6,,-1),'Normative data'!$Z$2:$AG$2,"Not Found",-1))} -> Incomplete | CU89: {=_xlfn.XLOOKUP(CS89&CT89,(VLOOKUP!$A$3:$A$250)&(VLOOKUP!$B$3:$B$250),VLOOKUP!$C$3:$C$250,"Incomplete",-1)} -> Incomplete | CV89: {=_xlfn.XLOOKUP(CU89, _xlfn.XLOOKUP(E89, 'Normative data'!$Y$11:$Y$14, 'Normative data'!$Z$11:$AG$14, ,-1), 'Normative data'!$Z$10:$AG$10, "Not Found", -1)} -> Excellent | CW89: {=IF(OR(ISBLANK(CS89),ISBLANK(CT89)),"Incomplete",_xlfn.XLOOKUP(CS89&CT89,VLOOKUP!$A$4:$A$250&VLOOKUP!$B$4:$B$250,VLOOKUP!$D$4:$D$250,"0"))} -> Incomplete
A90: Tresfon | B90: Ava | C90: Female | F90: 10P | G90: 2026 | I90: 2 | J90: Netball | K90: U/16 A | AY90: =IF(OR(ISBLANK(U90), ISBLANK(AQ90)), "Incomplete", (60.7*AQ90)+(45.3*U90)-2055) -> Incomplete | BA90: =IF(OR(ISBLANK(U90), ISBLANK(AS90)), "Incomplete", (60.7*AS90)+(45.3*U90)-2055) -> Incomplete | BC90: =IF(OR(ISBLANK(U90), ISBLANK(AU90)), "Incomplete", (60.7*AU90)+(45.3*U90)-2055) -> Incomplete | BE90: =IF(OR(ISBLANK(U90), ISBLANK(AW90)), "Incomplete", (60.7*AW90)+(45.3*U90)-2055) -> Incomplete | BI90: =IF(OR(ISBLANK(BG90), ISBLANK(BH90)),"Incomplete",(SUM(BH90-BG90))) -> Incomplete | BQ90: 80 | BR90: 73 | BS90: 68 | BT90: 79 | BU90: 78 | BV90: 65 | BW90: =IFERROR(SUM(BQ90+BR90+BS90)/(3*(T90-S90))*100, "Incomplete") -> Incomplete | BX90: =_xlfn.XLOOKUP(BW90,'Normative data'!$V$3:$V$6,'Normative data'!$W$3:$W$6,"Not Found",-1) -> Very low risk | BY90: =IFERROR(SUM(BT90+BU90+BV90)/(3*(T90-S90))*100, "Incomplete") -> Incomplete | BZ90: =_xlfn.XLOOKUP(BY90,'Normative data'!$V$3:$V$6,'Normative data'!$W$3:$W$6,"Not Found",-1) -> Very low risk | CA90: 30 | CE90: 14 | CG90: 19.07 | CH90: =_xlfn.XLOOKUP(CG90, 'Normative data'!$S$9:$S$15,'Normative data'!$T$9:$T$15, "Not Found", -1) -> Average | CI90: 18.34 | CJ90: =_xlfn.XLOOKUP(CI90, 'Normative data'!$S$9:$S$15, 'Normative data'!$T$9:$T$15, "Not Found", -1) -> Average | CK90: 2.15 | CL90: 4.65 | CN90: 6.69 | CO90: 7.18 | CR90: {=IF(OR(ISBLANK(E90),ISBLANK(CQ90)),"Incomplete",_xlfn.XLOOKUP(CQ90,_xlfn.XLOOKUP(E90,'Normative data'!$Y$3:$Y$6,'Normative data'!$Z$3:$AG$6,,-1),'Normative data'!$Z$2:$AG$2,"Not Found",-1))} -> Incomplete | CU90: {=_xlfn.XLOOKUP(CS90&CT90,(VLOOKUP!$A$3:$A$250)&(VLOOKUP!$B$3:$B$250),VLOOKUP!$C$3:$C$250,"Incomplete",-1)} -> Incomplete | CV90: {=_xlfn.XLOOKUP(CU90, _xlfn.XLOOKUP(E90, 'Normative data'!$Y$11:$Y$14, 'Normative data'!$Z$11:$AG$14, ,-1), 'Normative data'!$Z$10:$AG$10, "Not Found", -1)} -> Excellent | CW90: {=IF(OR(ISBLANK(CS90),ISBLANK(CT90)),"Incomplete",_xlfn.XLOOKUP(CS90&CT90,VLOOKUP!$A$4:$A$250&VLOOKUP!$B$4:$B$250,VLOOKUP!$D$4:$D$250,"0"))} -> Incomplete
